elec_id,country,year,presidential,date,legislative_type,elecrule,tier1_formula,tier2_formula,tier3_formula,tier4_formula,multi,seats,tier1_avemag,tier1_districts,tier2_districts,tier3_districts,tier4_districts,enep,enep1,enpp,enpp1,dd_democracy,bmr_democracy,fh_democracy,p5_democracy,vd_polyarchy,tier1_EffElecThrsh
L-ARG-1985-11-3,Argentina,1985,0,"November 03, 1985",2.0,9.0,25.0,,,,0.0,254.0,5.29,24.0,0.0,0.0,0.0,4.24,4.24,3.36,3.36,1,1.0,1.0,1.0,1,0.1192368839427663
L-ARG-1987-9-6,Argentina,1987,0,"September 06, 1987",2.0,9.0,25.0,,,,0.0,254.0,5.29,23.0,0.0,0.0,0.0,3.14,3.14,2.63,2.63,1,1.0,1.0,1.0,1,0.1192368839427663
L-ARG-1989-5-14,Argentina,1989,0,"May 14, 1989",2.0,9.0,25.0,,,,0.0,254.0,5.29,24.0,0.0,0.0,0.0,3.35,3.35,2.71,2.71,1,1.0,1.0,1.0,1,0.1192368839427663
L-ARG-1991-10-27,Argentina,1991,0,"October 27, 1991",2.0,9.0,25.0,,,,0.0,257.0,5.42,24.0,0.0,0.0,0.0,3.57,3.57,2.91,2.93,1,1.0,1.0,1.0,1,0.11682242990654206
L-ARG-1993-10-3,Argentina,1993,0,"October 03, 1993",2.0,9.0,25.0,,,,0.0,257.0,5.29,24.0,0.0,0.0,0.0,3.37,3.37,2.7,2.7,1,1.0,1.0,1.0,1,0.1192368839427663
L-ARG-1995-5-14,Argentina,1995,0,"May 14, 1995",2.0,9.0,25.0,,,,0.0,257.0,5.42,24.0,0.0,0.0,0.0,3.58,3.58,2.81,2.81,1,1.0,1.0,1.0,1,0.11682242990654206
L-ARG-1997-10-26,Argentina,1997,0,"October 26, 1997",2.0,9.0,25.0,,,,0.0,257.0,5.29,24.0,0.0,0.0,0.0,3.65,3.65,3.33,3.33,1,1.0,1.0,1.0,1,0.1192368839427663
L-ARG-1999-10-24,Argentina,1999,0,"October 24, 1999",2.0,9.0,25.0,,0.0,,0.0,257.0,5.42,24.0,0.0,0.0,0.0,3.15,3.225,2.57,2.57,1,1.0,1.0,1.0,1,0.11682242990654206
L-ARG-2003-4-27,Argentina,2003,0,"April 27, 2003",2.0,9.0,25.0,,,,0.0,257.0,5.42,24.0,0.0,0.0,0.0,4.61,6.61700491059394,4.09,4.12464933997993,1,1.0,1.0,1.0,1,0.11682242990654206
L-ARG-2005-10-23,Argentina,2005,0,"October 23, 2005",2.0,9.0,25.0,,,,0.0,257.0,5.29,24.0,0.0,0.0,0.0,6.16,8.57282332216644,5.81,5.82590650539847,1,1.0,1.0,1.0,1,0.1192368839427663
L-ARG-2007-10-28,Argentina,2007,0,"October 28, 2007",2.0,9.0,25.0,,,,0.0,257.0,5.42,24.0,0.0,0.0,0.0,-99.0,-99.0,3.19,3.47467957602625,1,1.0,1.0,1.0,1,0.11682242990654206
L-ARG-2009-6-28,Argentina,2009,0,"June 28, 2009",2.0,9.0,25.0,,,,0.0,257.0,5.29,24.0,0.0,0.0,0.0,6.62,7.34,3.89,3.95829896270645,1,1.0,1.0,1.0,1,0.1192368839427663
L-ARG-2011-10-23,Argentina,2011,0,"October 23, 2011",2.0,9.0,25.0,,,,0.0,257.0,5.42,24.0,0.0,0.0,0.0,3.75,4.53,4.28,4.28,1,1.0,1.0,1.0,1,0.11682242990654206
L-ARG-2013-10-27,Argentina,2013,0,"October 27, 2013",2.0,9.0,25.0,,,,0.0,257.0,5.29,24.0,0.0,0.0,0.0,4.652134,4.652134,4.343927,4.343927,1,1.0,1.0,1.0,1,0.1192368839427663
L-ARG-2015-10-25,Argentina,2015,0,"October 25, 2015",2.0,9.0,25.0,,,,0.0,257.0,5.42,24.0,0.0,0.0,0.0,-99.0,-99.0,3.070862,3.070862,1,1.0,1.0,1.0,1,0.11682242990654206
L-AUL-1972-12-2,Australia,1972,0,"December 02, 1972",1.0,3.0,5.0,,,,0.0,125.0,1.0,125.0,0.0,0.0,0.0,2.77,2.77,2.47,2.47,1,1.0,1.0,1.0,1,0.375
L-AUL-1974-5-18,Australia,1974,0,"May 18, 1974",1.0,3.0,5.0,,,,0.0,127.0,1.0,127.0,0.0,0.0,0.0,2.66,2.66,2.52,2.52,1,1.0,1.0,1.0,1,0.375
L-AUL-1975-12-13,Australia,1975,0,"December 13, 1975",1.0,3.0,5.0,,,,0.0,127.0,1.0,127.0,0.0,0.0,0.0,2.69,2.7,2.51,2.51,1,1.0,1.0,1.0,1,0.375
L-AUL-1977-12-10,Australia,1977,0,"December 10, 1977",1.0,3.0,5.0,,,,0.0,124.0,1.0,124.0,0.0,0.0,0.0,3.11,3.115,2.45,2.45,1,1.0,1.0,1.0,1,0.375
L-AUL-1980-10-18,Australia,1980,0,"October 18, 1980",1.0,3.0,5.0,,,,0.0,125.0,1.0,125.0,0.0,0.0,0.0,2.81,2.81,2.64,2.64,1,1.0,1.0,1.0,1,0.375
L-AUL-1983-3-5,Australia,1983,0,"March 05, 1983",1.0,3.0,5.0,,,,0.0,125.0,1.0,125.0,0.0,0.0,0.0,2.67,2.67,2.23,2.23,1,1.0,1.0,1.0,1,0.375
L-AUL-1984-12-1,Australia,1984,0,"December 01, 1984",1.0,3.0,5.0,,,,0.0,148.0,1.0,148.0,0.0,0.0,0.0,2.79,2.79,2.38,2.38,1,1.0,1.0,1.0,1,0.375
L-AUL-1987-7-11,Australia,1987,0,"July 11, 1987",1.0,3.0,5.0,,,,0.0,148.0,1.0,148.0,0.0,0.0,0.0,2.9,3.02,2.28,2.28,1,1.0,1.0,1.0,1,0.375
L-AUL-1990-3-24,Australia,1990,0,"March 24, 1990",1.0,3.0,5.0,,,,0.0,148.0,1.0,148.0,0.0,0.0,0.0,3.33,3.34,2.35,2.35,1,1.0,1.0,1.0,1,0.375
L-AUL-1993-3-13,Australia,1993,0,"March 13, 1993",1.0,3.0,5.0,,,,0.0,147.0,1.0,147.0,0.0,0.0,0.0,2.87,2.88,2.38,2.39,1,1.0,1.0,1.0,1,0.375
L-AUL-1996-3-2,Australia,1996,0,"March 02, 1996",1.0,3.0,5.0,,,,0.0,148.0,1.0,148.0,0.0,0.0,0.0,3.19,3.21,2.62,2.62,1,1.0,1.0,1.0,1,0.375
L-AUL-1998-10-3,Australia,1998,0,"October 03, 1998",1.0,3.0,5.0,,,,0.0,148.0,1.0,148.0,0.0,0.0,0.0,3.46,3.46,2.48,2.48,1,1.0,1.0,1.0,1,0.375
L-AUL-2001-11-10,Australia,2001,0,"November 10, 2001",1.0,3.0,5.0,,,,0.0,150.0,1.0,150.0,0.0,0.0,0.0,3.44,3.45000399027432,2.49,2.49124125629127,1,1.0,1.0,1.0,1,0.375
L-AUL-2004-10-9,Australia,2004,0,"October 09, 2004",1.0,3.0,5.0,,,,0.0,150.0,1.0,150.0,0.0,0.0,0.0,3.17,3.18448802218645,2.44,2.44119188327808,1,1.0,1.0,1.0,1,0.375
L-AUL-2007-11-24,Australia,2007,0,"November 24, 2007",1.0,3.0,5.0,,,,0.0,150.0,1.0,150.0,0.0,0.0,0.0,3.03,3.03839653433432,2.25,2.25045018007203,1,1.0,1.0,1.0,1,0.375
L-AUL-2010-8-21,Australia,2010,0,"August 21, 2010",1.0,3.0,5.0,,,,0.0,150.0,1.0,150.0,0.0,0.0,0.0,2.86,2.8686638494418,2.14,2.14264944165853,1,1.0,1.0,1.0,1,0.375
L-AUL-2013-9-7,Australia,2013,0,"September 07, 2013",1.0,3.0,5.0,,,,0.0,150.0,1.0,150.0,0.0,0.0,0.0,3.00836,3.00836,2.0212,2.0212,1,1.0,1.0,1.0,1,0.375
L-AUS-1975-10-5,Austria,1975,0,"October 05, 1975",2.0,9.0,12.0,25.0,,,1.0,183.0,20.33,9.0,2.0,0.0,0.0,2.27,2.27,2.21,2.21,1,1.0,1.0,1.0,1,0.03516174402250352
L-AUS-1979-5-6,Austria,1979,0,"May 06, 1979",2.0,9.0,12.0,25.0,,,1.0,183.0,20.33,9.0,2.0,0.0,0.0,2.28,2.28,2.22,2.22,1,1.0,1.0,1.0,1,0.03516174402250352
L-AUS-1983-4-24,Austria,1983,0,"April 24, 1983",2.0,9.0,12.0,25.0,,,1.0,183.0,20.33,9.0,2.0,0.0,0.0,2.4,2.4,2.26,2.26,1,1.0,1.0,1.0,1,0.03516174402250352
L-AUS-1986-11-23,Austria,1986,0,"November 23, 1986",2.0,9.0,12.0,25.0,,,1.0,183.0,20.33,9.0,2.0,0.0,0.0,2.72,2.72,2.63,2.63,1,1.0,1.0,1.0,1,0.03516174402250352
L-AUS-1990-10-7,Austria,1990,0,"October 07, 1990",2.0,9.0,12.0,25.0,,,1.0,183.0,20.33,9.0,2.0,0.0,0.0,3.17,3.17,2.99,2.99,1,1.0,1.0,1.0,1,0.03516174402250352
L-AUS-1994-10-9,Austria,1994,0,"October 09, 1994",2.0,9.0,12.0,12.0,25.0,,1.0,183.0,4.26,43.0,9.0,1.0,0.0,3.87,3.87,3.73,3.73,1,1.0,1.0,1.0,1,0.14258555133079848
L-AUS-1995-12-17,Austria,1995,0,"December 17, 1995",2.0,9.0,12.0,12.0,25.0,,1.0,183.0,4.26,43.0,9.0,1.0,0.0,3.59,3.59,3.49,3.49,1,1.0,1.0,1.0,1,0.14258555133079848
L-AUS-1999-10-3,Austria,1999,0,"October 03, 1999",2.0,9.0,12.0,12.0,25.0,,1.0,183.0,4.26,43.0,9.0,1.0,0.0,3.82,3.82,3.41,3.41,1,1.0,1.0,1.0,1,0.14258555133079848
L-AUS-2002-11-24,Austria,2002,0,"November 24, 2002",2.0,9.0,12.0,12.0,25.0,,1.0,183.0,4.26,43.0,9.0,1.0,0.0,3.02,3.02052227788069,2.88,2.88,1,1.0,1.0,1.0,1,0.14258555133079848
L-AUS-2006-10-1,Austria,2006,0,"October 01, 2006",2.0,9.0,12.0,12.0,25.0,,1.0,183.0,4.26,43.0,9.0,1.0,0.0,3.71,3.72221990865902,3.38,3.38,1,1.0,1.0,1.0,1,0.14258555133079848
L-AUS-2008-9-28,Austria,2008,0,"September 28, 2008",2.0,9.0,12.0,12.0,25.0,,1.0,183.0,4.26,43.0,9.0,1.0,0.0,4.79,4.83061135945138,4.24,4.24,1,1.0,1.0,1.0,1,0.14258555133079848
L-AUS-2013-9-29,Austria,2013,0,"September 29, 2013",2.0,9.0,12.0,12.0,25.0,,1.0,183.0,4.26,43.0,9.0,1.0,0.0,5.149357,5.149357,4.593197,4.593197,1,1.0,1.0,1.0,1,0.14258555133079848
L-BEL-1974-3-10,Belgium,1974,0,"March 10, 1974",2.0,9.0,25.0,25.0,,,1.0,212.0,7.1,30.0,9.0,0.0,0.0,6.1,6.1,5.85,5.85,1,1.0,1.0,1.0,1,0.0925925925925926
L-BEL-1977-4-17,Belgium,1977,0,"April 17, 1977",2.0,9.0,25.0,25.0,,,1.0,212.0,7.1,30.0,9.0,0.0,0.0,5.7,5.7,5.26,5.26,1,1.0,1.0,1.0,1,0.0925925925925926
L-BEL-1978-12-17,Belgium,1978,0,"December 17, 1978",2.0,9.0,25.0,25.0,,,1.0,212.0,7.1,30.0,9.0,0.0,0.0,7.52,7.52,6.79,6.79,1,1.0,1.0,1.0,1,0.0925925925925926
L-BEL-1985-10-13,Belgium,1985,0,"October 13, 1985",2.0,9.0,25.0,25.0,,,1.0,212.0,7.1,30.0,9.0,0.0,0.0,8.13,8.14,7.01,7.01,1,1.0,1.0,1.0,1,0.0925925925925926
L-BEL-1987-12-13,Belgium,1987,0,"December 13, 1987",2.0,9.0,25.0,25.0,,,1.0,212.0,7.1,30.0,9.0,0.0,0.0,8.12,8.12,7.13,7.13,1,1.0,1.0,1.0,1,0.0925925925925926
L-BEL-1991-11-24,Belgium,1991,0,"November 24, 1991",2.0,9.0,25.0,25.0,,,1.0,212.0,7.1,30.0,9.0,0.0,0.0,9.81,9.81,8.41,8.41,1,1.0,1.0,1.0,1,0.0925925925925926
L-BEL-1995-5-21,Belgium,1995,0,"May 21, 1995",2.0,9.0,25.0,25.0,,,1.0,150.0,7.5,20.0,11.0,0.0,0.0,9.35,9.35,8.05,8.05,1,1.0,1.0,1.0,1,0.08823529411764706
L-BEL-1999-6-13,Belgium,1999,0,"June 13, 1999",2.0,9.0,25.0,25.0,,,1.0,150.0,7.5,20.0,11.0,0.0,0.0,10.29,10.29,9.05,9.05,1,1.0,1.0,1.0,1,0.08823529411764706
L-BEL-2003-5-18,Belgium,2003,0,"May 18, 2003",2.0,9.0,25.0,,,,0.0,150.0,13.64,11.0,0.0,0.0,0.0,8.84,8.95861176666478,7.03,7.03,1,1.0,1.0,1.0,1,0.05122950819672131
L-BEL-2007-6-10,Belgium,2007,0,"June 10, 2007",2.0,9.0,25.0,,,,0.0,150.0,13.64,11.0,0.0,0.0,0.0,9.04,9.38579360654271,7.91,7.91,1,1.0,1.0,1.0,1,0.05122950819672131
L-BEL-2010-6-13,Belgium,2010,0,"June 13, 2010",2.0,9.0,25.0,,,,0.0,150.0,13.64,11.0,0.0,0.0,0.0,10.04,10.2186823011436,8.42,8.42,1,1.0,1.0,1.0,1,0.05122950819672131
L-BEL-2014-5-25,Belgium,2014,0,"May 25, 2014",2.0,9.0,25.0,,,,0.0,150.0,13.64,11.0,0.0,0.0,0.0,9.447867,9.447867,7.817929,7.817929,1,1.0,1.0,1.0,1,0.05122950819672131
L-BEN-1995-3-28,Benin,1995,0,"March 28, 1995",2.0,9.0,13.0,,,,0.0,83.0,4.61,18.0,0.0,0.0,0.0,13.77,14.125,6.69,6.69,1,1.0,1.0,1.0,1,0.1336898395721925
L-BEN-1999-3-30,Benin,1999,0,"March 30, 1999",2.0,9.0,13.0,,,,0.0,83.0,3.46,24.0,0.0,0.0,0.0,3.91,10.38,4.81,6.28,1,1.0,1.0,1.0,1,0.1681614349775785
L-BEN-2003-3-30,Benin,2003,0,"March 30, 2003",2.0,9.0,13.0,,,,0.0,83.0,3.46,24.0,0.0,0.0,0.0,2.01,2.01029097141877,4.81,4.81,1,1.0,1.0,1.0,1,0.1681614349775785
L-BEN-2007-3-31,Benin,2007,0,"March 31, 2007",2.0,9.0,13.0,,,,0.0,83.0,3.46,24.0,0.0,0.0,0.0,-99.0,-99.0,3.9,3.9,1,1.0,1.0,1.0,1,0.1681614349775785
L-BEN-2011-4-30,Benin,2011,0,"April 30, 2011",2.0,9.0,13.0,,,,0.0,83.0,3.46,24.0,0.0,0.0,0.0,-99.0,-99.0,2.64,2.64,1,1.0,1.0,1.0,1,0.1681614349775785
L-BEN-2015-4-26,Benin,2015,0,"April 26, 2015",2.0,9.0,13.0,,,,0.0,83.0,3.46,24.0,0.0,0.0,0.0,6.795524,6.795524,4.664184,4.664184,1,1.0,1.0,1.0,1,0.1681614349775785
L-BOL-1989-5-7,Bolivia,1989,0,"May 07, 1989",2.0,9.0,13.0,,,,0.0,130.0,14.44,9.0,0.0,0.0,0.0,5.01,5.01,3.92,3.92,1,1.0,1.0,1.0,1,0.048575129533678756
L-BOL-1993-6-6,Bolivia,1993,0,"June 06, 1993",2.0,9.0,26.0,,,,0.0,130.0,14.44,9.0,0.0,0.0,0.0,4.66,4.665,3.74,3.74,1,1.0,1.0,1.0,1,0.048575129533678756
L-BOL-1997-6-1,Bolivia,1997,0,"June 01, 1997",3.0,11.0,1.0,25.0,1.0,,1.0,130.0,1.0,68.0,9.0,8.0,0.0,5.92,5.92,5.36,5.36,1,1.0,1.0,1.0,1,0.375
L-BOL-2002-6-30,Bolivia,2002,0,"June 30, 2002",3.0,11.0,1.0,25.0,1.0,,1.0,130.0,1.0,68.0,9.0,8.0,0.0,5.77,5.77,4.96,4.96,1,1.0,1.0,1.0,1,0.375
L-BRA-1990-10-3,Brazil,1990,0,"October 03, 1990",2.0,9.0,14.0,,,,0.0,502.0,18.59,27.0,0.0,0.0,0.0,9.79,9.79,8.69,8.69,1,1.0,1.0,1.0,1,0.03828483920367534
L-BRA-2002-10-6,Brazil,2002,0,"October 06, 2002",2.0,9.0,14.0,,,,0.0,513.0,19.0,27.0,0.0,0.0,0.0,9.28,9.34556613687617,8.47,8.47,1,1.0,1.0,1.0,1,0.0375
L-BRA-2006-10-1,Brazil,2006,0,"October 01, 2006",2.0,9.0,14.0,,,,0.0,513.0,19.0,27.0,0.0,0.0,0.0,10.62,10.639774551189,9.32,9.32,1,1.0,1.0,1.0,1,0.0375
L-BRA-2010-10-3,Brazil,2010,0,"October 03, 2010",2.0,9.0,14.0,,,,0.0,513.0,19.0,27.0,0.0,0.0,0.0,11.26,11.2622193006489,10.44,10.44,1,1.0,1.0,1.0,1,0.0375
L-BRA-2014-10-5,Brazil,2014,0,"October 05, 2014",2.0,9.0,14.0,,,,0.0,513.0,19.0,27.0,0.0,0.0,0.0,14.13547,14.13547,13.27059,13.27059,1,1.0,1.0,1.0,1,0.0375
L-BUL-1991-10-13,Bulgaria,1991,0,"October 13, 1991",2.0,9.0,25.0,,,,0.0,240.0,7.74,31.0,0.0,0.0,0.0,4.12,4.185,2.41,2.41,1,1.0,1.0,1.0,1,0.08581235697940504
L-BUL-1994-12-18,Bulgaria,1994,0,"December 18, 1994",2.0,9.0,25.0,,,,0.0,240.0,7.74,31.0,0.0,0.0,0.0,3.81,3.845,2.73,2.73,1,1.0,1.0,1.0,1,0.08581235697940504
L-BUL-1997-4-19,Bulgaria,1997,0,"April 19, 1997",2.0,9.0,25.0,,,,0.0,240.0,7.74,31.0,0.0,0.0,0.0,3.02,3.03,2.52,2.52,1,1.0,1.0,1.0,1,0.08581235697940504
L-BUL-2001-6-17,Bulgaria,2001,0,"June 17, 2001",2.0,9.0,25.0,,,,0.0,240.0,7.74,31.0,0.0,0.0,0.0,3.91,4.07654178550727,2.92,2.92,1,1.0,1.0,1.0,1,0.08581235697940504
L-BUL-2005-6-25,Bulgaria,2005,0,"June 25, 2005",2.0,9.0,25.0,,,,0.0,240.0,7.74,31.0,0.0,0.0,0.0,5.8,5.99611358841091,4.8,4.8,1,1.0,1.0,1.0,1,0.08581235697940504
L-BUL-2009-7-5,Bulgaria,2009,0,"July 05, 2009",3.0,12.0,1.0,14.0,,,1.0,240.0,1.0,31.0,31.0,0.0,0.0,4.4,4.44458815847124,3.34,3.34,1,1.0,1.0,1.0,1,0.375
L-BUL-2013-5-12,Bulgaria,2013,0,"May 12, 2013",2.0,9.0,13.0,,,,0.0,240.0,7.74,31.0,0.0,0.0,0.0,5.290837,5.290837,3.149262,3.149262,1,1.0,1.0,1.0,1,0.08581235697940504
L-BUL-2014-10-5,Bulgaria,2014,0,"October 05, 2014",2.0,9.0,13.0,,,,0.0,240.0,7.74,31.0,0.0,0.0,0.0,5.647739,5.647739,5.062401,5.062401,1,1.0,1.0,1.0,1,0.08581235697940504
L-CAN-1972-10-30,Canada,1972,0,"October 30, 1972",1.0,1.0,1.0,,,,0.0,264.0,1.0,264.0,0.0,0.0,0.0,3.25,3.25,2.84,2.84,1,1.0,1.0,1.0,1,0.375
L-CAN-1974-7-8,Canada,1974,0,"July 08, 1974",1.0,1.0,1.0,,,,0.0,264.0,1.0,264.0,0.0,0.0,0.0,2.96,2.96,2.38,2.38,1,1.0,1.0,1.0,1,0.375
L-CAN-1979-5-22,Canada,1979,0,"May 22, 1979",1.0,1.0,1.0,,,,0.0,282.0,1.0,282.0,0.0,0.0,0.0,3.09,3.09,2.45,2.45,1,1.0,1.0,1.0,1,0.375
L-CAN-1980-2-18,Canada,1980,0,"February 18, 1980",1.0,1.0,1.0,,,,0.0,282.0,1.0,282.0,0.0,0.0,0.0,2.93,2.93,2.4,2.4,1,1.0,1.0,1.0,1,0.375
L-CAN-1984-9-4,Canada,1984,0,"September 04, 1984",1.0,1.0,1.0,,,,0.0,282.0,1.0,282.0,0.0,0.0,0.0,2.75,2.75,1.69,1.69,1,1.0,1.0,1.0,1,0.375
L-CAN-1988-11-21,Canada,1988,0,"November 21, 1988",1.0,1.0,1.0,,,,0.0,295.0,1.0,295.0,0.0,0.0,0.0,3.04,3.04,2.33,2.33,1,1.0,1.0,1.0,1,0.375
L-CAN-1993-10-25,Canada,1993,0,"October 25, 1993",1.0,1.0,1.0,,,,0.0,295.0,1.0,295.0,0.0,0.0,0.0,3.92,3.93,2.35,2.35,1,1.0,1.0,1.0,1,0.375
L-CAN-1997-6-2,Canada,1997,0,"June 02, 1997",1.0,1.0,1.0,,,,0.0,301.0,1.0,301.0,0.0,0.0,0.0,4.08,4.085,2.98,2.98,1,1.0,1.0,1.0,1,0.375
L-CAN-2000-11-27,Canada,2000,0,"November 27, 2000",1.0,1.0,1.0,,,,0.0,301.0,1.0,301.0,0.0,0.0,0.0,3.77,3.77,2.54,2.54,1,1.0,1.0,1.0,1,0.375
L-CAN-2004-6-28,Canada,2004,0,"June 28, 2004",1.0,1.0,1.0,,,,0.0,308.0,1.0,308.0,0.0,0.0,0.0,3.78,3.80267297850099,3.03,3.03004839134578,1,1.0,1.0,1.0,1,0.375
L-CAN-2006-1-23,Canada,2006,0,"January 23, 2006",1.0,1.0,1.0,,,,0.0,308.0,1.0,308.0,0.0,0.0,0.0,3.75,3.77231239375051,3.22,3.22005465061535,1,1.0,1.0,1.0,1,0.375
L-CAN-2008-10-14,Canada,2008,0,"October 14, 2008",1.0,1.0,1.0,,,,0.0,308.0,1.0,308.0,0.0,0.0,0.0,3.87,3.87107893807061,3.15,3.1502092220041,1,1.0,1.0,1.0,1,0.375
L-CAN-2011-5-2,Canada,2011,0,"May 02, 2011",1.0,1.0,1.0,,,,0.0,308.0,1.0,308.0,0.0,0.0,0.0,3.43,3.4304766108668,2.4,2.4,1,1.0,1.0,1.0,1,0.375
L-CAN-2015-10-19,Canada,2015,0,"October 19, 2015",1.0,1.0,1.0,,,,0.0,338.0,1.0,338.0,0.0,0.0,0.0,3.333067,3.333067,2.500197,2.500197,1,1.0,1.0,1.0,1,0.375
L-CAP-1991-1-13,Cape Verde,1991,0,"January 13, 1991",2.0,9.0,25.0,,,,0.0,79.0,3.16,25.0,0.0,0.0,0.0,1.81,1.81,1.7,1.7,1,1.0,1.0,1.0,1,0.18028846153846154
L-CAP-1995-12-17,Cape Verde,1995,0,"December 17, 1995",2.0,9.0,25.0,,,,0.0,72.0,3.79,19.0,0.0,0.0,0.0,2.13,2.13,1.76,1.76,1,1.0,1.0,1.0,1,0.15657620041753653
L-CAP-2001-1-14,Cape Verde,2001,0,"January 14, 2001",2.0,9.0,25.0,,,,0.0,72.0,3.6,20.0,0.0,0.0,0.0,2.41,2.41,2.07,2.07,1,1.0,1.0,1.0,1,0.16304347826086957
L-CAP-2006-1-22,Cape Verde,2006,0,"January 22, 2006",2.0,9.0,25.0,,,,0.0,72.0,3.6,20.0,0.0,0.0,0.0,2.14,2.14,2.05,2.05,1,1.0,1.0,1.0,1,0.16304347826086957
L-CAP-2011-2-6,Cape Verde,2011,0,"February 06, 2011",2.0,9.0,25.0,,,,0.0,72.0,5.54,13.0,0.0,0.0,0.0,2.2,2.20015490181017,2.1,2.1,1,1.0,1.0,1.0,1,0.1146788990825688
L-CHL-1993-12-11,Chile,1993,0,"December 11, 1993",2.0,9.0,25.0,,,,0.0,120.0,2.0,60.0,0.0,0.0,0.0,6.55,6.55,4.86,4.86,1,1.0,1.0,1.0,1,0.25
L-CHL-1997-12-11,Chile,1997,0,"December 11, 1997",2.0,9.0,25.0,,,,0.0,120.0,2.0,60.0,0.0,0.0,0.0,6.95,6.95,5.02,5.02,1,1.0,1.0,1.0,1,0.25
L-CHL-2001-12-16,Chile,2001,0,"December 16, 2001",2.0,9.0,25.0,,,,0.0,120.0,2.0,60.0,0.0,0.0,0.0,6.56,6.57461014637069,5.94,5.94122563057261,1,1.0,1.0,1.0,1,0.25
L-CHL-2005-12-11,Chile,2005,0,"December 11, 2005",2.0,9.0,25.0,,,,0.0,120.0,2.0,60.0,0.0,0.0,0.0,6.58,6.58175443928105,5.59,5.59,1,1.0,1.0,1.0,1,0.25
L-CHL-2009-12-13,Chile,2009,0,"December 13, 2009",2.0,9.0,25.0,,,,0.0,120.0,2.0,60.0,0.0,0.0,0.0,7.32,7.32000107164832,5.64,5.64619324053385,1,1.0,1.0,1.0,1,0.25
L-CHL-2013-11-17,Chile,2013,0,"November 17, 2013",2.0,9.0,25.0,,,,0.0,120.0,2.0,60.0,0.0,0.0,0.0,2.757564,2.757564,2.086957,2.086957,1,1.0,1.0,1.0,1,0.25
L-COS-1974-2-3,Costa Rica,1974,0,"February 03, 1974",2.0,9.0,13.0,,,,0.0,57.0,8.14,7.0,0.0,0.0,0.0,4.01,4.01,3.13,3.13,1,1.0,1.0,1.0,1,0.08205689277899343
L-COS-1978-2-5,Costa Rica,1978,0,"February 05, 1978",2.0,9.0,13.0,,,,0.0,57.0,8.14,7.0,0.0,0.0,0.0,2.88,2.88,2.38,2.38,1,1.0,1.0,1.0,1,0.08205689277899343
L-COS-1982-2-7,Costa Rica,1982,0,"February 07, 1982",2.0,9.0,13.0,,,,0.0,57.0,8.14,7.0,0.0,0.0,0.0,2.53,2.53,2.27,2.27,1,1.0,1.0,1.0,1,0.08205689277899343
L-COS-1986-2-2,Costa Rica,1986,0,"February 02, 1986",2.0,9.0,13.0,,,,0.0,57.0,8.14,7.0,0.0,0.0,0.0,2.48,2.485,2.21,2.21,1,1.0,1.0,1.0,1,0.08205689277899343
L-COS-1990-2-4,Costa Rica,1990,0,"February 04, 1990",2.0,9.0,13.0,,,,0.0,57.0,8.14,7.0,0.0,0.0,0.0,2.55,2.56,2.21,2.21,1,1.0,1.0,1.0,1,0.08205689277899343
L-COS-1994-2-6,Costa Rica,1994,0,"February 06, 1994",2.0,9.0,13.0,,,,0.0,57.0,8.14,7.0,0.0,0.0,0.0,2.77,2.78,2.29,2.29,1,1.0,1.0,1.0,1,0.08205689277899343
L-COS-1998-2-1,Costa Rica,1998,0,"February 01, 1998",2.0,9.0,13.0,,,,0.0,57.0,8.14,7.0,0.0,0.0,0.0,3.35,3.37,2.56,2.56,1,1.0,1.0,1.0,1,0.08205689277899343
L-COS-2002-2-3,Costa Rica,2002,0,"February 03, 2002",2.0,9.0,13.0,,,,0.0,57.0,8.14,7.0,0.0,0.0,0.0,4.52,4.6331989714358,3.68,3.68,1,1.0,1.0,1.0,1,0.08205689277899343
L-COS-2006-2-5,Costa Rica,2006,0,"February 05, 2006",2.0,9.0,13.0,,,,0.0,57.0,8.14,7.0,0.0,0.0,0.0,4.62,4.84013767802878,3.23,3.23,1,1.0,1.0,1.0,1,0.08205689277899343
L-COS-2010-2-7,Costa Rica,2010,0,"February 07, 2010",2.0,9.0,13.0,,,,0.0,57.0,8.14,7.0,0.0,0.0,0.0,4.75,4.78328155150048,3.9,3.9,1,1.0,1.0,1.0,1,0.08205689277899343
L-COS-2014-2-2,Costa Rica,2014,0,"February 02, 2014",2.0,9.0,13.0,,,,0.0,57.0,8.14,7.0,0.0,0.0,0.0,6.232511,6.232511,4.770925,4.770925,1,1.0,1.0,1.0,1,0.08205689277899343
L-CRO-2000-1-3,Croatia,2000,0,"January 03, 2000",2.0,9.0,25.0,,,,1.0,151.0,14.0,10.0,0.0,0.0,0.0,3.89,3.89,2.71,2.71,1,1.0,1.0,1.0,1,0.05
L-CRO-2003-11-23,Croatia,2003,0,"November 23, 2003",2.0,9.0,25.0,,,,1.0,152.0,14.0,10.0,0.0,0.0,0.0,5.93,6.5515627620994,3.56,3.58446779819993,1,1.0,1.0,1.0,1,0.05
L-CRO-2007-11-25,Croatia,2007,0,"November 25, 2007",2.0,9.0,25.0,,,,1.0,153.0,14.0,10.0,0.0,0.0,0.0,4.23,4.32753325629133,3.07,3.07,1,1.0,1.0,1.0,1,0.05
L-CRO-2011-12-4,Croatia,2011,0,"December 04, 2011",2.0,9.0,25.0,,,,0.0,151.0,14.0,10.0,0.0,0.0,0.0,3.8,4.32644663824455,2.61,2.61,1,1.0,1.0,1.0,1,0.05
L-CRO-2015-11-8,Croatia,2015,0,"November 08, 2015",2.0,9.0,25.0,,,,0.0,151.0,14.0,10.0,0.0,0.0,0.0,-99.0,-99.0,3.229146,3.229146,1,1.0,1.0,1.0,1,0.05
L-CYP-1985-12-8,Greek Cyprus,1985,0,"December 08, 1985",2.0,9.0,13.0,,,,1.0,56.0,9.33,6.0,0.0,0.0,0.0,3.62,3.62,3.57,3.57,1,1.0,1.0,1.0,1,0.07260406582768635
L-CYP-1991-5-19,Greek Cyprus,1991,0,"May 19, 1991",2.0,9.0,13.0,,,,1.0,56.0,9.33,6.0,0.0,0.0,0.0,3.67,3.67,3.51,3.51,1,1.0,1.0,1.0,1,0.07260406582768635
L-CYP-1996-5-26,Greek Cyprus,1996,0,"May 26, 1996",2.0,9.0,13.0,,,,1.0,56.0,9.33,6.0,0.0,0.0,0.0,3.79,3.79,3.52,3.52,1,1.0,1.0,1.0,1,0.07260406582768635
L-CYP-2001-5-27,Greek Cyprus,2001,0,"May 27, 2001",2.0,9.0,13.0,,,,1.0,56.0,9.33,6.0,0.0,0.0,0.0,3.76,3.77834324915733,3.64,3.65459382129946,1,1.0,1.0,1.0,1,0.07260406582768635
L-CYP-2006-5-21,Greek Cyprus,2006,0,"May 21, 2006",2.0,9.0,13.0,,,,1.0,56.0,9.33,6.0,0.0,0.0,0.0,4.29,4.31221203122525,3.9,3.9,1,1.0,1.0,1.0,1,0.07260406582768635
L-CYP-2011-5-22,Greek Cyprus,2011,0,"May 22, 2011",2.0,9.0,13.0,,,,1.0,56.0,9.33,6.0,0.0,0.0,0.0,3.85,3.8542695302233,3.6,3.6,1,1.0,1.0,1.0,1,0.07260406582768635
L-CZE-1990-6-8,Czechoslovakia,1990,0,"June 08, 1990",2.0,9.0,12.0,16.0,,,1.0,150.0,12.5,12.0,1.0,0.0,0.0,5.99,5.99,4.0,4.0,1,1.0,1.0,1.0,1,0.05555555555555555
L-CZE-1992-6-5,Czechoslovakia,1992,0,"June 05, 1992",2.0,9.0,12.0,16.0,,,1.0,150.0,12.5,12.0,1.0,0.0,0.0,10.99,10.99,6.08,6.08,1,1.0,1.0,1.0,1,0.05555555555555555
L-CZR-1996-5-31,Czech Republic,1996,0,"May 31, 1996",2.0,9.0,15.0,16.0,,,1.0,200.0,25.0,8.0,1.0,0.0,0.0,5.33,5.33,4.15,4.15,1,1.0,1.0,1.0,1,0.028846153846153848
L-CZR-1998-6-19,Czech Republic,1998,0,"June 19, 1998",2.0,9.0,15.0,16.0,,,1.0,200.0,25.0,8.0,1.0,0.0,0.0,4.72,4.72,3.71,3.71,1,1.0,1.0,1.0,1,0.028846153846153848
L-CZR-2002-6-14,Czech Republic,2002,0,"June 14, 2002",2.0,9.0,25.0,,,,0.0,200.0,14.29,14.0,0.0,0.0,0.0,4.82,5.01628590740115,3.67,3.67,1,1.0,1.0,1.0,1,0.04905166775670373
L-CZR-2006-6-2,Czech Republic,2006,0,"June 02, 2006",2.0,9.0,25.0,,,,0.0,200.0,14.29,14.0,0.0,0.0,0.0,3.91,3.93791146173539,3.1,3.1,1,1.0,1.0,1.0,1,0.04905166775670373
L-CZR-2010-5-28,Czech Republic,2010,0,"May 28, 2010",2.0,9.0,25.0,,,,0.0,200.0,14.29,14.0,0.0,0.0,0.0,6.75,6.80149121682417,4.51,4.51,1,1.0,1.0,1.0,1,0.04905166775670373
L-CZR-2013-10-25,Czech Republic,2013,0,"October 25, 2013",2.0,9.0,25.0,,,,0.0,200.0,14.29,14.0,0.0,0.0,0.0,7.564983,7.564983,5.6164,5.6164,1,1.0,1.0,1.0,1,0.04905166775670373
L-DEN-1973-12-4,Denmark,1973,0,"December 04, 1973",2.0,9.0,27.0,13.0,,,1.0,179.0,7.94,17.0,1.0,0.0,0.0,7.11,7.11,6.89,6.89,1,1.0,1.0,1.0,1,0.08389261744966442
L-DEN-1975-1-9,Denmark,1975,0,"January 09, 1975",2.0,9.0,27.0,13.0,,,1.0,179.0,7.94,17.0,1.0,0.0,0.0,5.6,5.6,5.42,5.42,1,1.0,1.0,1.0,1,0.08389261744966442
L-DEN-1977-2-15,Denmark,1977,0,"February 15, 1977",2.0,9.0,27.0,13.0,,,1.0,179.0,7.94,17.0,1.0,0.0,0.0,5.23,5.23,5.2,5.2,1,1.0,1.0,1.0,1,0.08389261744966442
L-DEN-1979-10-23,Denmark,1979,0,"October 23, 1979",2.0,9.0,27.0,13.0,,,1.0,179.0,7.94,17.0,1.0,0.0,0.0,4.99,4.99,4.82,4.82,1,1.0,1.0,1.0,1,0.08389261744966442
L-DEN-1984-1-10,Denmark,1984,0,"January 10, 1984",2.0,9.0,27.0,13.0,,,1.0,179.0,7.94,17.0,1.0,0.0,0.0,5.25,5.25,5.04,5.04,1,1.0,1.0,1.0,1,0.08389261744966442
L-DEN-1987-9-8,Denmark,1987,0,"September 08, 1987",2.0,9.0,27.0,13.0,,,1.0,179.0,7.94,17.0,1.0,0.0,0.0,5.83,5.83,5.31,5.31,1,1.0,1.0,1.0,1,0.08389261744966442
L-DEN-1988-5-10,Denmark,1988,0,"May 10, 1988",2.0,9.0,27.0,13.0,,,1.0,179.0,7.94,17.0,1.0,0.0,0.0,5.83,5.83,5.32,5.32,1,1.0,1.0,1.0,1,0.08389261744966442
L-DEN-1990-12-12,Denmark,1990,0,"December 12, 1990",2.0,9.0,27.0,13.0,,,1.0,179.0,7.94,17.0,1.0,0.0,0.0,4.84,4.84,4.37,4.37,1,1.0,1.0,1.0,1,0.08389261744966442
L-DEN-1994-9-21,Denmark,1994,0,"September 21, 1994",2.0,9.0,27.0,13.0,,,1.0,179.0,7.94,17.0,1.0,0.0,0.0,4.76,4.76,4.54,4.54,1,1.0,1.0,1.0,1,0.08389261744966442
L-DEN-1998-3-11,Denmark,1998,0,"March 11, 1998",2.0,9.0,27.0,13.0,,,1.0,179.0,7.94,17.0,1.0,0.0,0.0,4.74,4.74,4.71,4.71,1,1.0,1.0,1.0,1,0.08389261744966442
L-DEN-2001-11-20,Denmark,2001,0,"November 20, 2001",2.0,9.0,27.0,13.0,,,1.0,179.0,7.94,17.0,1.0,0.0,0.0,4.69,4.69,4.48,4.48,1,1.0,1.0,1.0,1,0.08389261744966442
L-DEN-2005-2-8,Denmark,2005,0,"February 08, 2005",2.0,9.0,27.0,13.0,,,1.0,179.0,7.94,17.0,1.0,0.0,0.0,5.19,5.19227809859306,4.89,4.89,1,1.0,1.0,1.0,1,0.08389261744966442
L-DEN-2007-11-13,Denmark,2007,0,"November 13, 2007",2.0,9.0,25.0,13.0,,,1.0,179.0,13.5,10.0,1.0,0.0,0.0,5.41,5.41118587771347,5.33,5.33,1,1.0,1.0,1.0,1,0.05172413793103448
L-DEN-2011-9-15,Denmark,2011,0,"September 15, 2011",2.0,9.0,25.0,13.0,,,1.0,179.0,13.5,10.0,1.0,0.0,0.0,5.72,5.72104737222202,5.61,5.61,1,1.0,1.0,1.0,1,0.05172413793103448
L-DEN-2015-10-26,Denmark,2015,0,"October 26, 2015",2.0,9.0,25.0,13.0,,,1.0,179.0,13.5,10.0,1.0,0.0,0.0,5.853807,5.853807,5.746857,5.746857,1,1.0,1.0,1.0,1,0.05172413793103448
L-DOM-1998-5-16,Dominican Republic,1998,0,"May 16, 1998",2.0,9.0,25.0,,,,0.0,150.0,5.0,30.0,0.0,0.0,0.0,2.73,2.74,2.32,2.32,1,1.0,1.0,1.0,1,0.125
L-DOM-2002-5-16,Dominican Republic,2002,0,"May 16, 2002",2.0,9.0,25.0,,,,0.0,150.0,4.69,32.0,0.0,0.0,0.0,3.11,3.12030086934898,2.71,2.71,1,1.0,1.0,1.0,1,0.13181019332161686
L-DOM-2006-5-16,Dominican Republic,2006,0,"May 16, 2006",2.0,9.0,25.0,,,,0.0,178.0,5.56,32.0,0.0,0.0,0.0,2.65,2.65219817197233,2.52,2.52,1,1.0,1.0,1.0,1,0.11432926829268293
L-DOM-2010-5-16,Dominican Republic,2010,0,"May 16, 2010",2.0,9.0,25.0,,,,0.0,183.0,5.72,32.0,0.0,0.0,0.0,2.91,3.04116862991735,2.01,2.01,1,1.0,1.0,1.0,1,0.11160714285714286
L-ECU-1984-1-29,Ecuador,1984,0,"January 29, 1984",2.0,9.0,13.0,13.0,,,1.0,71.0,2.95,20.0,1.0,0.0,0.0,10.32,10.32,5.98,5.98,1,1.0,1.0,1.0,1,0.18987341772151897
L-ECU-1986-6-4,Ecuador,1986,0,"June 04, 1986",2.0,9.0,13.0,13.0,,,1.0,71.0,2.95,20.0,1.0,0.0,0.0,11.95,11.95,7.56,7.56,1,1.0,1.0,1.0,1,0.18987341772151897
L-ECU-1988-1-31,Ecuador,1988,0,"January 31, 1988",2.0,9.0,13.0,13.0,,,1.0,71.0,2.95,20.0,1.0,0.0,0.0,8.14,8.14,4.2,4.2,1,1.0,1.0,1.0,1,0.18987341772151897
L-ECU-1990-6-17,Ecuador,1990,0,"June 17, 1990",2.0,9.0,13.0,13.0,,,1.0,72.0,2.86,21.0,1.0,0.0,0.0,7.9,7.9,6.97,6.97,1,1.0,1.0,1.0,1,0.19430051813471502
L-ECU-1992-5-17,Ecuador,1992,0,"May 17, 1992",2.0,9.0,13.0,13.0,,,1.0,77.0,3.1,21.0,1.0,0.0,0.0,7.79,7.79,6.61,6.61,1,1.0,1.0,1.0,1,0.1829268292682927
L-ECU-1994-5-1,Ecuador,1994,0,"May 01, 1994",2.0,9.0,13.0,13.0,,,1.0,77.0,3.1,21.0,1.0,0.0,0.0,7.48,7.48,5.9,5.9,1,1.0,1.0,1.0,1,0.1829268292682927
L-ECU-1998-5-31,Ecuador,1998,0,"May 31, 1998",3.0,12.0,8.0,13.0,,,1.0,120.0,4.76,21.0,1.0,0.0,0.0,6.18,6.18,5.45,5.66,1,1.0,1.0,1.0,1,0.13020833333333334
L-EST-1995-3-5,Estonia,1995,0,"March 05, 1995",2.0,9.0,12.0,25.0,,,1.0,101.0,9.18,11.0,1.0,0.0,0.0,5.93,5.93,4.15,4.15,1,1.0,1.0,1.0,1,0.07367387033398821
L-EST-1999-3-7,Estonia,1999,0,"March 07, 1999",2.0,9.0,12.0,25.0,,,1.0,101.0,9.18,11.0,1.0,0.0,0.0,6.87,6.88,5.5,5.5,1,1.0,1.0,1.0,1,0.07367387033398821
L-EST-2003-3-2,Estonia,2003,0,"March 02, 2003",2.0,9.0,12.0,25.0,,,1.0,101.0,8.42,12.0,1.0,0.0,0.0,5.42,5.43273453262666,4.67,4.67,1,1.0,1.0,1.0,1,0.07961783439490445
L-EST-2007-3-4,Estonia,2007,0,"March 04, 2007",2.0,9.0,12.0,25.0,,,1.0,101.0,8.42,12.0,1.0,0.0,0.0,5.02,5.0346508518514,4.37,4.37,1,1.0,1.0,1.0,1,0.07961783439490445
L-EST-2011-3-6,Estonia,2011,0,"March 06, 2011",2.0,9.0,12.0,25.0,,,1.0,101.0,8.42,12.0,1.0,0.0,0.0,4.73,4.76684461029337,3.84,3.84,1,1.0,1.0,1.0,1,0.07961783439490445
L-EST-2015-3-1,Estonia,2015,0,"March 01, 2015",2.0,9.0,12.0,25.0,,,1.0,101.0,8.42,12.0,1.0,0.0,0.0,5.139803,5.139803,4.716135,4.716135,1,1.0,1.0,1.0,1,0.07961783439490445
L-FIN-1972-1-3,Finland,1972,0,"January 03, 1972",2.0,9.0,25.0,,,,0.0,200.0,13.3,15.0,0.0,0.0,0.0,5.95,5.95,5.51,5.51,1,1.0,1.0,1.0,1,0.05244755244755245
L-FIN-1975-9-22,Finland,1975,0,"September 22, 1975",2.0,9.0,25.0,,,,0.0,200.0,13.3,15.0,0.0,0.0,0.0,5.89,5.89,5.31,5.31,1,1.0,1.0,1.0,1,0.05244755244755245
L-FIN-1979-3-13,Finland,1979,0,"March 13, 1979",2.0,9.0,25.0,,,,0.0,200.0,13.3,15.0,0.0,0.0,0.0,5.74,5.74,5.21,5.21,1,1.0,1.0,1.0,1,0.05244755244755245
L-FIN-1983-3-21,Finland,1983,0,"March 21, 1983",2.0,9.0,25.0,,,,0.0,200.0,13.3,15.0,0.0,0.0,0.0,5.45,5.45,5.34,5.34,1,1.0,1.0,1.0,1,0.05244755244755245
L-FIN-1987-3-16,Finland,1987,0,"March 16, 1987",2.0,9.0,25.0,,,,0.0,200.0,13.3,15.0,0.0,0.0,0.0,6.15,6.15,4.93,4.93,1,1.0,1.0,1.0,1,0.05244755244755245
L-FIN-1991-3-17,Finland,1991,0,"March 17, 1991",2.0,9.0,25.0,,,,0.0,200.0,13.3,15.0,0.0,0.0,0.0,5.89,5.91,5.23,5.23,1,1.0,1.0,1.0,1,0.05244755244755245
L-FIN-1995-3-19,Finland,1995,0,"March 19, 1995",2.0,9.0,25.0,,,,0.0,200.0,13.3,15.0,0.0,0.0,0.0,5.77,5.78,4.88,4.88,1,1.0,1.0,1.0,1,0.05244755244755245
L-FIN-1999-3-21,Finland,1999,0,"March 21, 1999",2.0,9.0,25.0,,,,0.0,200.0,13.3,15.0,0.0,0.0,0.0,5.93,5.93,5.15,5.15,1,1.0,1.0,1.0,1,0.05244755244755245
L-FIN-2003-3-16,Finland,2003,0,"March 16, 2003",2.0,9.0,25.0,,,,0.0,200.0,13.3,15.0,0.0,0.0,0.0,5.65,5.66794247740356,4.93,4.93030384869935,1,1.0,1.0,1.0,1,0.05244755244755245
L-FIN-2007-3-18,Finland,2007,0,"March 18, 2007",2.0,9.0,25.0,,,,0.0,200.0,13.3,15.0,0.0,0.0,0.0,5.88,5.88999126642041,5.13,5.13032900344469,1,1.0,1.0,1.0,1,0.05244755244755245
L-FIN-2011-4-17,Finland,2011,0,"April 17, 2011",2.0,9.0,25.0,,,,0.0,200.0,13.3,15.0,0.0,0.0,0.0,6.46,6.4683679427641,5.83,5.83042492318255,1,1.0,1.0,1.0,1,0.05244755244755245
L-FIN-2015-4-19,Finland,2015,0,"April 19, 2015",2.0,9.0,25.0,,,,0.0,200.0,15.38,13.0,0.0,0.0,0.0,6.562541,6.562541,5.842828,5.842828,1,1.0,1.0,1.0,1,0.04578754578754578
L-FRN-1973-3-4,France,1973,0,"March 04, 1973",1.0,2.0,2.0,,,,0.0,491.0,1.0,473.0,0.0,0.0,0.0,5.68,5.68,4.53,4.53,1,1.0,1.0,1.0,1,0.375
L-FRN-1978-3-12,France,1978,0,"March 12, 1978",1.0,2.0,2.0,,,,0.0,491.0,1.0,474.0,0.0,0.0,0.0,5.08,5.08,4.19,4.19,1,1.0,1.0,1.0,1,0.375
L-FRN-1986-3-16,France,1986,0,"March 16, 1986",2.0,9.0,14.0,,,,0.0,577.0,5.79,96.0,0.0,0.0,0.0,4.66,4.66,3.9,3.9,1,1.0,1.0,1.0,1,0.11045655375552282
L-FRN-1988-6-5,France,1988,0,"June 05, 1988",1.0,2.0,2.0,,,,0.0,575.0,1.0,555.0,0.0,0.0,0.0,4.38,4.38,3.07,3.07,1,1.0,1.0,1.0,1,0.375
L-FRN-1993-3-21,France,1993,0,"March 21, 1993",1.0,2.0,2.0,,,,0.0,577.0,1.0,555.0,0.0,0.0,0.0,6.71,6.71,2.86,2.86,1,1.0,1.0,1.0,1,0.375
L-FRN-1997-5-25,France,1997,0,"May 25, 1997",1.0,2.0,2.0,,,,0.0,577.0,1.0,555.0,0.0,0.0,0.0,6.54,6.55,3.54,3.54,1,1.0,1.0,1.0,1,0.375
L-FRN-2002-6-9,France,2002,0,"June 09, 2002",1.0,2.0,2.0,,,,0.0,577.0,1.0,555.0,0.0,0.0,0.0,5.22,5.44102150103026,2.26,2.26350624876722,1,1.0,1.0,1.0,1,0.375
L-FRN-2007-6-10,France,2007,0,"June 10, 2007",1.0,2.0,2.0,,,,0.0,577.0,1.0,555.0,0.0,0.0,0.0,4.32,4.34990284528155,2.49,2.50033961486937,1,1.0,1.0,1.0,1,0.375
L-FRN-2012-6-10,France,2012,0,"June 10, 2012",1.0,2.0,2.0,,,,0.0,577.0,1.0,555.0,0.0,0.0,0.0,5.228457,5.228457,2.833945,2.833945,1,1.0,1.0,1.0,1,0.375
L-GFR-1972-11-19,West Germany,1972,0,"November 19, 1972",3.0,11.0,1.0,25.0,,,1.0,496.0,1.0,248.0,10.0,0.0,0.0,2.86,2.86,2.79,2.79,1,1.0,1.0,1.0,1,0.375
L-GFR-1976-10-3,West Germany,1976,0,"October 03, 1976",3.0,11.0,1.0,25.0,,,1.0,496.0,1.0,248.0,10.0,0.0,0.0,2.91,2.91,2.86,2.86,1,1.0,1.0,1.0,1,0.375
L-GFR-1980-10-9,West Germany,1980,0,"October 09, 1980",3.0,11.0,1.0,25.0,,,1.0,497.0,1.0,248.0,10.0,0.0,0.0,3.1,3.1,2.96,2.96,1,1.0,1.0,1.0,1,0.375
L-GFR-1983-3-6,West Germany,1983,0,"March 06, 1983",3.0,11.0,1.0,25.0,,,1.0,498.0,1.0,248.0,10.0,0.0,0.0,3.21,3.21,3.16,3.16,1,1.0,1.0,1.0,1,0.375
L-GFR-1987-1-25,West Germany,1987,0,"January 25, 1987",3.0,11.0,1.0,13.0,,,1.0,497.0,1.0,248.0,10.0,0.0,0.0,3.56,3.56,3.47,3.47,1,1.0,1.0,1.0,1,0.375
L-GHA-2004-12-7,Ghana,2004,0,"December 07, 2004",1.0,1.0,1.0,,,,0.0,230.0,1.0,230.0,0.0,0.0,0.0,2.44,2.45292027742295,2.1,2.10004168407441,1,1.0,1.0,1.0,1,0.375
L-GHA-2008-12-7,Ghana,2008,0,"December 07, 2008",1.0,1.0,1.0,,,,0.0,230.0,1.0,230.0,0.0,0.0,0.0,2.39,2.39980914575079,2.12,2.12096906228797,1,1.0,1.0,1.0,1,0.375
L-GHA-2012-12-7,Ghana,2012,0,"December 07, 2012",1.0,1.0,1.0,,,,0.0,275.0,1.0,275.0,0.0,0.0,0.0,2.259468,2.259468,2.041546,2.041546,1,1.0,1.0,1.0,1,0.375
L-GMY-1994-10-16,Germany,1994,0,"October 16, 1994",3.0,11.0,1.0,13.0,,,1.0,672.0,1.0,328.0,16.0,0.0,0.0,3.74,3.74,3.45,3.45,1,1.0,1.0,1.0,1,0.375
L-GMY-1998-9-27,Germany,1998,0,"September 27, 1998",3.0,11.0,1.0,13.0,,,1.0,669.0,1.0,328.0,16.0,0.0,0.0,3.79,3.79,3.31,3.31,1,1.0,1.0,1.0,1,0.375
L-GMY-2002-9-22,Germany,2002,0,"September 22, 2002",3.0,11.0,1.0,13.0,,,1.0,603.0,1.0,299.0,16.0,0.0,0.0,4.09,4.09755545663588,3.38,3.38,1,1.0,1.0,1.0,1,0.375
L-GMY-2005-9-18,Germany,2005,0,"September 18, 2005",3.0,11.0,1.0,13.0,,,1.0,614.0,1.0,299.0,16.0,0.0,0.0,4.46,4.47523088293131,4.05,4.05,1,1.0,1.0,1.0,1,0.375
L-GMY-2009-9-27,Germany,2009,0,"September 27, 2009",3.0,11.0,1.0,26.0,,,1.0,622.0,1.0,299.0,16.0,0.0,0.0,5.58,5.63719444194989,4.83,4.83,1,1.0,1.0,1.0,1,0.375
L-GMY-2013-9-22,Germany,2013,0,"September 22, 2013",3.0,11.0,1.0,26.0,,,1.0,630.0,1.0,299.0,16.0,0.0,0.0,4.077572,4.077572,3.508799,3.508799,1,1.0,1.0,1.0,1,0.375
L-GRC-1977-11-20,Greece,1977,0,"November 20, 1977",2.0,9.0,15.0,12.0,13.0,13.0,1.0,300.0,5.14,56.0,9.0,1.0,1.0,3.74,3.74,2.35,2.35,1,1.0,1.0,1.0,1,0.1221498371335505
L-GRC-1985-6-3,Greece,1985,0,"June 03, 1985",2.0,9.0,15.0,12.0,13.0,,1.0,300.0,5.14,56.0,9.0,1.0,1.0,2.59,2.59,2.14,2.14,1,1.0,1.0,1.0,1,0.1221498371335505
L-GRC-1989-11-5,Greece,1989,0,"November 05, 1989",2.0,9.0,15.0,15.0,13.0,,1.0,300.0,5.14,56.0,13.0,1.0,0.0,2.73,2.73,2.4,2.4,1,1.0,1.0,1.0,1,0.1221498371335505
L-GRC-1989-6-18,Greece,1989,0,"June 18, 1989",2.0,9.0,15.0,15.0,13.0,,1.0,300.0,5.14,56.0,13.0,1.0,0.0,2.55,2.56,2.32,2.32,1,1.0,1.0,1.0,1,0.1221498371335505
L-GRC-1990-4-8,Greece,1990,0,"April 08, 1990",2.0,9.0,15.0,15.0,13.0,,1.0,300.0,5.14,56.0,13.0,1.0,0.0,2.63,2.63,2.37,2.37,1,1.0,1.0,1.0,1,0.1221498371335505
L-GRC-1993-10-10,Greece,1993,0,"October 10, 1993",2.0,9.0,15.0,15.0,12.0,13.0,1.0,300.0,5.14,56.0,13.0,1.0,1.0,2.63,2.63,2.17,2.17,1,1.0,1.0,1.0,1,0.1221498371335505
L-GRC-1996-9-22,Greece,1996,0,"September 22, 1996",2.0,9.0,15.0,15.0,12.0,13.0,1.0,300.0,5.14,56.0,13.0,1.0,1.0,3.06,3.065,2.36,2.36,1,1.0,1.0,1.0,1,0.1221498371335505
L-GRC-2000-4-9,Greece,2000,0,"April 09, 2000",2.0,9.0,15.0,15.0,12.0,13.0,1.0,300.0,5.14,56.0,13.0,1.0,1.0,2.64,2.64,2.21,2.21,1,1.0,1.0,1.0,1,0.1221498371335505
L-GRC-2004-3-7,Greece,2004,0,"March 07, 2004",2.0,9.0,15.0,15.0,12.0,13.0,1.0,300.0,5.14,56.0,13.0,1.0,1.0,2.66,2.67132828797717,2.19,2.19,1,1.0,1.0,1.0,1,0.1221498371335505
L-GRC-2007-9-16,Greece,2007,0,"September 16, 2007",3.0,11.0,13.0,13.0,,,1.0,300.0,4.64,56.0,1.0,0.0,0.0,3.02,3.02439510776967,2.62,2.62,1,1.0,1.0,1.0,1,0.13297872340425532
L-GRC-2009-10-4,Greece,2009,0,"October 04, 2009",3.0,11.0,13.0,13.0,,,1.0,300.0,4.25,56.0,1.0,0.0,0.0,3.16,3.16264561371371,2.59,2.59,1,1.0,1.0,1.0,1,0.14285714285714285
L-GRC-2012-5-6,Greece,2012,0,"May 06, 2012",3.0,11.0,13.0,13.0,,,1.0,300.0,5.14,56.0,1.0,0.0,0.0,7.839632,7.839632,4.834551,4.834551,1,1.0,1.0,1.0,1,0.1221498371335505
L-GRC-2012-6-17,Greece,2012,0,"June 17, 2012",2.0,9.0,15.0,15.0,13.0,13.0,1.0,300.0,5.14,56.0,1.0,0.0,0.0,5.11041,5.11041,3.761284,3.761284,1,1.0,1.0,1.0,1,0.1221498371335505
L-GRC-2015-1-25,Greece,2015,0,"January 25, 2015",3.0,11.0,13.0,13.0,,,1.0,300.0,5.14,56.0,1.0,0.0,0.0,4.382505,4.382505,3.090872,3.090872,1,1.0,1.0,1.0,1,0.1221498371335505
L-GRC-2015-9-20,Greece,2015,0,"September 20, 2015",2.0,9.0,15.0,15.0,13.0,13.0,1.0,300.0,5.14,56.0,1.0,0.0,0.0,4.438664,4.438664,3.238575,3.238575,1,1.0,1.0,1.0,1,0.1221498371335505
L-GUY-2001-3-19,The Co-operative Republic of Guyana,2001,0,"March 19, 2001",2.0,9.0,13.0,13.0,,,1.0,65.0,2.5,10.0,1.0,0.0,0.0,2.19111328274783,2.19111328274783,2.23426758328926,2.23426758328926,1,1.0,1.0,1.0,1,0.21428571428571427
L-GUY-2006-8-28,The Co-operative Republic of Guyana,2006,0,"August 28, 2006",2.0,9.0,13.0,13.0,,,1.0,65.0,2.5,10.0,1.0,0.0,0.0,2.36772738327862,2.36772738327862,2.33812949640288,2.33812949640288,1,1.0,1.0,1.0,1,0.21428571428571427
L-GUY-2011-11-28,The Co-operative Republic of Guyana,2011,0,"November 28, 2011",2.0,9.0,13.0,13.0,,,1.0,65.0,2.5,10.0,1.0,0.0,0.0,2.41897281657527,2.41897281657527,2.41566609491138,2.41566609491138,1,1.0,1.0,1.0,1,0.21428571428571427
L-GUY-2015-5-11,The Co-operative Republic of Guyana,2015,0,"May 11, 2015",2.0,9.0,13.0,13.0,,,1.0,65.0,2.5,10.0,1.0,0.0,0.0,2.02027801530635,2.02027801530635,1.99952673923332,1.99952673923332,1,1.0,1.0,1.0,1,0.21428571428571427
L-HON-1997-11-30,Honduras,1997,0,"November 30, 1997",2.0,9.0,13.0,,,,0.0,133.0,7.39,18.0,0.0,0.0,0.0,2.38,2.38,2.18,2.18,1,1.0,1.0,1.0,1,0.08939213349225268
L-HUN-1990-3-25,Hungary,1990,0,"March 25, 1990",3.0,11.0,2.0,16.0,25.0,,1.0,386.0,1.0,176.0,20.0,1.0,0.0,7.14,7.4,3.79,3.79,1,1.0,1.0,1.0,1,0.375
L-HUN-1994-5-8,Hungary,1994,0,"May 08, 1994",3.0,11.0,2.0,16.0,25.0,,1.0,386.0,1.0,176.0,20.0,1.0,0.0,5.97,5.99,2.9,2.9,1,1.0,1.0,1.0,1,0.375
L-HUN-1998-5-10,Hungary,1998,0,"May 10, 1998",3.0,11.0,2.0,16.0,25.0,,1.0,386.0,1.0,176.0,20.0,1.0,0.0,6.66,6.67,4.08,4.08,1,1.0,1.0,1.0,1,0.375
L-HUN-2002-4-7,Hungary,2002,0,"April 07, 2002",3.0,11.0,2.0,16.0,25.0,,1.0,386.0,1.0,176.0,20.0,1.0,0.0,2.94,2.97168947670132,2.21,2.21,1,1.0,1.0,1.0,1,0.375
L-HUN-2006-4-9,Hungary,2006,0,"April 09, 2006",3.0,11.0,2.0,16.0,25.0,,1.0,386.0,1.0,176.0,20.0,1.0,0.0,2.8,2.80871317271588,2.4,2.40001932968933,1,1.0,1.0,1.0,1,0.375
L-HUN-2010-4-11,Hungary,2010,0,"April 11, 2010",3.0,11.0,2.0,16.0,25.0,,1.0,386.0,1.0,176.0,20.0,1.0,0.0,2.82,2.82057280540482,2.0,2.00001342335933,1,1.0,1.0,1.0,1,0.375
L-HUN-2014-4-6,Hungary,2014,0,"April 06, 2014",3.0,11.0,1.0,25.0,,,1.0,199.0,1.0,106.0,1.0,0.0,0.0,3.225016,3.225016,2.01153,2.01153,1,1.0,1.0,1.0,1,0.375
L-IND-1977-3-16,India,1977,0,"March 16, 1977",1.0,1.0,1.0,,,,0.0,542.0,1.0,542.0,0.0,0.0,0.0,3.35,3.4,2.62,2.62,1,1.0,1.0,1.0,1,0.375
L-IND-1980-1-3,India,1980,0,"January 03, 1980",1.0,1.0,1.0,,,,0.0,542.0,1.0,542.0,0.0,0.0,0.0,4.13,4.245,2.16,2.16,1,1.0,1.0,1.0,1,0.375
L-IND-1984-12-24,India,1984,0,"December 24, 1984",1.0,1.0,1.0,,,,0.0,542.0,1.0,542.0,0.0,0.0,0.0,3.83,3.98,1.69,1.69,1,1.0,1.0,1.0,1,0.375
L-IND-1989-11-22,India,1989,0,"November 22, 1989",1.0,1.0,1.0,,,,0.0,543.0,1.0,543.0,0.0,0.0,0.0,4.74,4.8,4.11,4.11,1,1.0,1.0,1.0,1,0.375
L-IND-1998-2-16,India,1998,0,"February 16, 1998",1.0,1.0,1.0,,,,0.0,543.0,1.0,543.0,0.0,0.0,0.0,6.59,6.85,5.49,5.61,1,1.0,1.0,1.0,1,0.375
L-IND-1999-9-5,India,1999,0,"September 05, 1999",1.0,1.0,1.0,,,,0.0,543.0,1.0,543.0,0.0,0.0,0.0,6.7,6.74,5.86,5.86,1,1.0,1.0,1.0,1,0.375
L-IND-2004-4-20,India,2004,0,"April 20, 2004",1.0,1.0,1.0,,,,0.0,543.0,1.0,543.0,0.0,0.0,0.0,7.59,8.48650013687074,6.52,6.60134169049073,1,1.0,1.0,1.0,1,0.375
L-IND-2009-4-16,India,2009,0,"April 16, 2009",1.0,1.0,1.0,,,,0.0,543.0,1.0,543.0,0.0,0.0,0.0,7.74,8.76182810781275,5.01,5.01482080137147,1,1.0,1.0,1.0,1,0.375
L-IND-2014-4-7,India,2014,0,"April 07, 2014",1.0,1.0,1.0,,,,0.0,543.0,1.0,543.0,0.0,0.0,0.0,6.485409,6.485409,3.450019,3.450019,1,1.0,1.0,1.0,1,0.375
L-INS-2009-4-9,Indonesia,2009,0,"April 09, 2009",2.0,9.0,13.0,,,,0.0,560.0,7.27,77.0,0.0,0.0,0.0,9.59,10.4772669618935,6.13,6.13,1,1.0,1.0,1.0,1,0.09068923821039904
L-IRE-1973-2-28,Ireland,1973,0,"February 28, 1973",2.0,10.0,28.0,,,,0.0,144.0,3.4,42.0,0.0,0.0,0.0,2.8,2.81,2.58,2.58,1,1.0,1.0,1.0,1,0.17045454545454544
L-IRE-1977-6-16,Ireland,1977,0,"June 16, 1977",2.0,10.0,28.0,,,,0.0,148.0,3.5,42.0,0.0,0.0,0.0,2.73,2.855,2.37,2.38,1,1.0,1.0,1.0,1,0.16666666666666666
L-IRE-1982-11-24,Ireland,1982,0,"February 18, 1982",2.0,10.0,28.0,,,,0.0,166.0,4.0,41.0,0.0,0.0,0.0,2.68,2.69,2.55,2.56,1,1.0,1.0,1.0,1,0.15
L-IRE-1982-2-18,Ireland,1982,0,"November 24, 1982",2.0,10.0,28.0,,,,0.0,166.0,4.0,41.0,0.0,0.0,0.0,2.71,2.72,2.55,2.55,1,1.0,1.0,1.0,1,0.15
L-IRE-1987-2-17,Ireland,1987,0,"February 17, 1987",2.0,10.0,28.0,,,,0.0,166.0,4.0,41.0,0.0,0.0,0.0,3.46,3.47,2.89,2.9,1,1.0,1.0,1.0,1,0.15
L-IRE-1989-6-15,Ireland,1989,0,"June 15, 1989",2.0,10.0,28.0,,,,0.0,166.0,4.0,41.0,0.0,0.0,0.0,3.36,3.375,2.97,2.98,1,1.0,1.0,1.0,1,0.15
L-IRE-1992-11-25,Ireland,1992,0,"November 25, 1992",2.0,10.0,28.0,,,,0.0,166.0,4.0,41.0,0.0,0.0,0.0,3.89,3.94,3.49,3.5,1,1.0,1.0,1.0,1,0.15
L-IRE-1997-6-6,Ireland,1997,0,"June 06, 1997",2.0,10.0,28.0,,,,0.0,166.0,4.0,41.0,0.0,0.0,0.0,3.95,4.025,2.99,3.01,1,1.0,1.0,1.0,1,0.15
L-IRE-2002-5-18,Ireland,2002,0,"May 18, 2002",2.0,10.0,28.0,,,,0.0,166.0,3.95,42.0,0.0,0.0,0.0,4.13,4.3084518501633,3.38,3.43920985745109,1,1.0,1.0,1.0,1,0.15151515151515152
L-IRE-2007-5-24,Ireland,2007,0,"May 24, 2007",2.0,10.0,28.0,,,,0.0,166.0,3.86,43.0,0.0,0.0,0.0,3.77,3.80815445226333,3.03,3.03566160591547,1,1.0,1.0,1.0,1,0.154320987654321
L-IRE-2011-2-25,Ireland,2011,0,"February 25, 2011",2.0,10.0,28.0,,,,0.0,166.0,3.86,43.0,0.0,0.0,0.0,4.43,4.77368855646985,3.46,3.55039205518579,1,1.0,1.0,1.0,1,0.154320987654321
L-ISR-1973-12-31,Israel,1973,0,"December 31, 1973",2.0,9.0,25.0,,,,0.0,120.0,120.0,1.0,0.0,0.0,0.0,3.81,3.845,3.35,3.35,1,1.0,1.0,1.0,1,0.006198347107438017
L-ISR-1977-5-17,Israel,1977,0,"May 17, 1977",2.0,9.0,25.0,,,,0.0,120.0,120.0,1.0,0.0,0.0,0.0,5.01,5.025,4.37,4.37,1,1.0,1.0,1.0,1,0.006198347107438017
L-ISR-1984-7-23,Israel,1984,0,"July 23, 1984",2.0,9.0,25.0,,,,0.0,120.0,120.0,1.0,0.0,0.0,0.0,4.3,4.315,3.86,3.86,1,1.0,1.0,1.0,1,0.006198347107438017
L-ISR-1988-11-1,Israel,1988,0,"November 01, 1988",2.0,9.0,25.0,,,,0.0,120.0,120.0,1.0,0.0,0.0,0.0,5.01,5.025,4.38,4.38,1,1.0,1.0,1.0,1,0.006198347107438017
L-ISR-1992-6-23,Israel,1992,0,"June 23, 1992",2.0,9.0,25.0,,,,0.0,120.0,120.0,1.0,0.0,0.0,0.0,4.87,4.91,4.39,4.39,1,1.0,1.0,1.0,1,0.006198347107438017
L-ISR-1996-5-29,Israel,1996,0,"May 29, 1996",2.0,9.0,25.0,,,,0.0,120.0,120.0,1.0,0.0,0.0,0.0,5.85,5.85,5.62,5.62,1,1.0,1.0,1.0,1,0.006198347107438017
L-ISR-1999-5-17,Israel,1999,0,"May 17, 1999",2.0,9.0,25.0,,,,0.0,120.0,120.0,1.0,0.0,0.0,0.0,9.74,10.115,8.69,8.69,1,1.0,1.0,1.0,1,0.006198347107438017
L-ISR-2003-1-28,Israel,2003,0,"January 28, 2003",2.0,9.0,25.0,,,,0.0,120.0,120.0,1.0,0.0,0.0,0.0,7.05,7.11644559207825,6.17,6.17,1,1.0,1.0,1.0,1,0.006198347107438017
L-ISR-2006-3-28,Israel,2006,0,"March 28, 2006",2.0,9.0,25.0,,,,0.0,120.0,120.0,1.0,0.0,0.0,0.0,8.98,9.94089662476906,7.84,7.84,1,1.0,1.0,1.0,1,0.006198347107438017
L-ISR-2009-2-10,Israel,2009,0,"February 10, 2009",2.0,9.0,25.0,,,,0.0,120.0,120.0,1.0,0.0,0.0,0.0,7.37,7.40134384477499,6.77,6.77,1,1.0,1.0,1.0,1,0.006198347107438017
L-ISR-2013-1-22,Israel,2013,0,"January 22, 2013",2.0,9.0,25.0,,,,0.0,120.0,120.0,1.0,0.0,0.0,0.0,8.373592,8.373592,7.280081,7.280081,1,1.0,1.0,1.0,1,0.006198347107438017
L-ISR-2015-3-17,Israel,2015,0,"March 17, 2015",2.0,9.0,25.0,,,,0.0,120.0,120.0,1.0,0.0,0.0,0.0,7.640127,7.640127,6.936416,6.936416,1,1.0,1.0,1.0,1,0.006198347107438017
L-ITA-1972-5-7,Italy,1972,0,"May 07, 1972",2.0,9.0,21.0,13.0,,,1.0,630.0,19.69,32.0,1.0,0.0,0.0,4.07,4.07,3.55,3.55,1,1.0,1.0,1.0,1,0.03624939584340261
L-ITA-1976-6-20,Italy,1976,0,"June 20, 1976",2.0,9.0,21.0,13.0,,,1.0,630.0,19.69,32.0,1.0,0.0,0.0,3.39,3.39,3.17,3.17,1,1.0,1.0,1.0,1,0.03624939584340261
L-ITA-1979-6-3,Italy,1979,0,"June 03, 1979",2.0,9.0,21.0,13.0,,,1.0,630.0,19.69,32.0,1.0,0.0,0.0,3.91,3.91,3.47,3.47,1,1.0,1.0,1.0,1,0.03624939584340261
L-ITA-1983-6-26,Italy,1983,0,"June 26, 1983",2.0,9.0,21.0,13.0,,,1.0,630.0,19.69,32.0,1.0,0.0,0.0,4.51,4.51,4.11,4.11,1,1.0,1.0,1.0,1,0.03624939584340261
L-ITA-1987-6-14,Italy,1987,0,"June 14, 1987",2.0,9.0,21.0,13.0,,,1.0,630.0,19.69,32.0,1.0,0.0,0.0,4.61,4.61,4.08,4.08,1,1.0,1.0,1.0,1,0.03624939584340261
L-ITA-1992-4-5,Italy,1992,0,"April 05, 1992",2.0,9.0,21.0,13.0,,,1.0,630.0,19.69,32.0,1.0,0.0,0.0,6.56,6.62,5.73,5.73,1,1.0,1.0,1.0,1,0.03624939584340261
L-ITA-1994-3-27,Italy,1994,0,"March 27, 1994",3.0,11.0,1.0,13.0,,,1.0,630.0,1.0,475.0,26.0,0.0,0.0,7.57,7.57,7.59,7.59,1,1.0,1.0,1.0,1,0.375
L-ITA-1996-4-21,Italy,1996,0,"April 21, 1996",3.0,11.0,1.0,13.0,,,1.0,630.0,1.0,475.0,26.0,0.0,0.0,7.05,7.06,6.07,6.07,1,1.0,1.0,1.0,1,0.375
L-ITA-2001-5-13,Italy,2001,0,"May 13, 2001",3.0,11.0,1.0,13.0,,,1.0,630.0,1.0,475.0,26.0,0.0,0.0,6.32,6.73664151504,5.3,5.30286943020001,1,1.0,1.0,1.0,1,0.375
L-ITA-2006-4-9,Italy,2006,0,"April 09, 2006",2.0,9.0,13.0,,,,0.0,630.0,23.73,26.0,0.0,0.0,0.0,5.69,5.69705053770728,5.06,5.06,1,1.0,1.0,1.0,1,0.0303275374039628
L-ITA-2008-4-13,Italy,2008,0,"April 13, 2008",2.0,9.0,13.0,,,,0.0,630.0,23.73,26.0,0.0,0.0,0.0,3.82,3.84560506328195,3.07,3.07,1,1.0,1.0,1.0,1,0.0303275374039628
L-ITA-2013-2-24,Italy,2013,0,"February 24, 2013",2.0,9.0,13.0,,,,0.0,630.0,23.73,26.0,0.0,0.0,0.0,5.359057,5.359057,3.508663,3.508663,1,1.0,1.0,1.0,1,0.0303275374039628
L-JAM-1972-2-29,Jamaica,1972,0,"February 29, 1972",1.0,1.0,1.0,,,,0.0,53.0,1.0,53.0,0.0,0.0,0.0,1.97,1.97,1.73,1.73,1,1.0,1.0,1.0,1,0.375
L-JAM-1976-12-15,Jamaica,1976,0,"December 15, 1976",1.0,1.0,1.0,,,,0.0,60.0,1.0,60.0,0.0,0.0,0.0,1.96,1.96,1.51,1.51,1,1.0,1.0,1.0,1,0.375
L-JAM-1989-12-9,Jamaica,1989,0,"December 09, 1989",1.0,1.0,1.0,,,,0.0,60.0,1.0,60.0,0.0,0.0,0.0,1.97,1.97,1.6,1.6,1,1.0,1.0,1.0,1,0.375
L-JAM-1993-3-30,Jamaica,1993,0,"March 30, 1993",1.0,1.0,1.0,,,,0.0,60.0,1.0,60.0,0.0,0.0,0.0,1.91,1.91,1.26,1.26,1,1.0,1.0,1.0,1,0.375
L-JAM-1997-12-18,Jamaica,1997,0,"December 18, 1997",1.0,1.0,1.0,,,,0.0,60.0,1.0,60.0,0.0,0.0,0.0,2.14,2.14,1.38,1.38,1,1.0,1.0,1.0,1,0.375
L-JAM-2002-10-16,Jamaica,2002,0,"October 16, 2002",1.0,1.0,1.0,,,,0.0,60.0,1.0,60.0,0.0,0.0,0.0,2.02,2.02005100757588,1.95,1.95,1,1.0,1.0,1.0,1,0.375
L-JAM-2007-9-3,Jamaica,2007,0,"September 03, 2007",1.0,1.0,1.0,,,,0.0,60.0,1.0,60.0,0.0,0.0,0.0,2.0,2.000002000004,1.98,1.98,1,1.0,1.0,1.0,1,0.375
L-JAM-2011-12-29,Jamaica,2011,0,"December 29, 2011",1.0,1.0,1.0,,,,0.0,63.0,1.0,63.0,0.0,0.0,0.0,2.0,2.000002000004,1.8,1.8,1,1.0,1.0,1.0,1,0.375
L-JPN-1972-12-10,Japan,1972,0,"December 10, 1972",1.0,8.0,11.0,,,,0.0,491.0,3.96,124.0,0.0,0.0,0.0,3.25,3.255,2.48,2.48,1,1.0,1.0,1.0,1,0.15120967741935484
L-JPN-1976-12-5,Japan,1976,0,"December 05, 1976",1.0,8.0,11.0,,,,0.0,511.0,3.93,130.0,0.0,0.0,0.0,3.84,3.85,2.97,2.97,1,1.0,1.0,1.0,1,0.15212981744421908
L-JPN-1979-10-7,Japan,1979,0,"October 07, 1979",1.0,8.0,11.0,,,,0.0,511.0,3.93,130.0,0.0,0.0,0.0,3.62,3.63,3.09,3.09,1,1.0,1.0,1.0,1,0.15212981744421908
L-JPN-1980-6-22,Japan,1980,0,"June 22, 1980",1.0,8.0,11.0,,,,0.0,511.0,3.93,130.0,0.0,0.0,0.0,3.38,3.385,2.69,2.69,1,1.0,1.0,1.0,1,0.15212981744421908
L-JPN-1983-12-8,Japan,1983,0,"December 08, 1983",1.0,8.0,11.0,,,,0.0,511.0,3.93,130.0,0.0,0.0,0.0,3.48,3.49,3.04,3.04,1,1.0,1.0,1.0,1,0.15212981744421908
L-JPN-1986-7-6,Japan,1986,0,"July 06, 1986",1.0,8.0,11.0,,,,0.0,512.0,3.94,130.0,0.0,0.0,0.0,3.28,3.295,2.51,2.51,1,1.0,1.0,1.0,1,0.15182186234817815
L-JPN-1990-2-18,Japan,1990,0,"February 18, 1990",1.0,8.0,11.0,,,,0.0,512.0,3.94,130.0,0.0,0.0,0.0,3.29,3.335,2.52,2.52,1,1.0,1.0,1.0,1,0.15182186234817815
L-JPN-1993-7-18,Japan,1993,0,"July 18, 1993",1.0,8.0,11.0,,,,0.0,511.0,3.96,129.0,0.0,0.0,0.0,4.96,4.995,3.94,3.95,1,1.0,1.0,1.0,1,0.15120967741935484
L-JPN-1996-10-20,Japan,1996,0,"October 20, 1996",3.0,12.0,1.0,25.0,,,1.0,500.0,1.0,300.0,11.0,0.0,0.0,3.89,3.915,2.94,2.94,1,1.0,1.0,1.0,1,0.375
L-JPN-2000-6-25,Japan,2000,0,"June 25, 2000",3.0,12.0,1.0,25.0,,,1.0,480.0,1.0,300.0,11.0,0.0,0.0,3.76,3.8,3.16,3.17,1,1.0,1.0,1.0,1,0.375
L-JPN-2003-11-9,Japan,2003,0,"November 09, 2003",3.0,12.0,1.0,25.0,,,1.0,480.0,1.0,300.0,11.0,0.0,0.0,3.26,3.26,2.59,2.59422083240131,1,1.0,1.0,1.0,1,0.375
L-JPN-2005-9-11,Japan,2005,0,"September 11, 2005",3.0,12.0,1.0,25.0,,,1.0,480.0,1.0,300.0,11.0,0.0,0.0,3.22,3.22,2.27,2.27629793401356,1,1.0,1.0,1.0,1,0.375
L-JPN-2009-8-30,Japan,2009,0,"August 30, 2009",3.0,12.0,1.0,25.0,,,1.0,480.0,1.0,300.0,11.0,0.0,0.0,3.15,3.15217019550564,2.1,2.10061285750021,1,1.0,1.0,1.0,1,0.375
L-JPN-2012-12-16,Japan,2012,0,"December 16, 2012",3.0,12.0,1.0,25.0,,,1.0,480.0,1.0,300.0,11.0,0.0,0.0,5.793743,5.793743,2.448875,2.448875,1,1.0,1.0,1.0,1,0.375
L-JPN-2014-12-14,Japan,2014,0,"December 14, 2014",3.0,12.0,1.0,25.0,,,1.0,475.0,1.0,295.0,11.0,0.0,0.0,4.964134,4.964134,2.414005,2.414005,1,1.0,1.0,1.0,1,0.375
L-LAT-1995-9-30,Latvia,1995,0,"September 30, 1995",2.0,9.0,26.0,,,,0.0,100.0,20.0,5.0,0.0,0.0,0.0,9.61,9.61,7.59,7.59,1,1.0,1.0,1.0,1,0.03571428571428571
L-LAT-1998-10-3,Latvia,1998,0,"October 03, 1998",2.0,9.0,26.0,,,,0.0,100.0,20.0,5.0,0.0,0.0,0.0,6.94,6.94,5.49,5.49,1,1.0,1.0,1.0,1,0.03571428571428571
L-LAT-2002-10-5,Latvia,2002,0,"October 05, 2002",2.0,9.0,26.0,,,,0.0,100.0,20.0,5.0,0.0,0.0,0.0,6.78,6.95488619536102,5.02,5.02,1,1.0,1.0,1.0,1,0.03571428571428571
L-LAT-2006-10-7,Latvia,2006,0,"October 07, 2006",2.0,9.0,26.0,,,,0.0,100.0,20.0,5.0,0.0,0.0,0.0,7.49,7.72515492082214,6.0,6.0,1,1.0,1.0,1.0,1,0.03571428571428571
L-LAT-2010-10-2,Latvia,2010,0,"October 02, 2010",2.0,9.0,26.0,,,,0.0,100.0,20.0,5.0,0.0,0.0,0.0,4.59,4.62285575667664,3.93,3.93,1,1.0,1.0,1.0,1,0.03571428571428571
L-LAT-2011-9-17,Latvia,2011,0,"September 17, 2011",2.0,9.0,26.0,,,,0.0,100.0,20.0,5.0,0.0,0.0,0.0,5.02,5.05190085573953,4.53,4.53,1,1.0,1.0,1.0,1,0.03571428571428571
L-LAT-2014-10-4,Latvia,2014,0,"October 04, 2014",2.0,9.0,26.0,,,,0.0,100.0,20.0,5.0,0.0,0.0,0.0,5.615044,5.615044,5.13347,5.13347,1,1.0,1.0,1.0,1,0.03571428571428571
L-LES-2002-5-25,Lesotho,2002,0,"May 25, 2002",3.0,11.0,1.0,12.0,,,1.0,120.0,1.0,80.0,1.0,0.0,0.0,2.77818810072588,2.77818810072588,2.16144054641416,2.16144054641416,1,1.0,1.0,1.0,1,0.375
L-LES-2007-2-17,Lesotho,2007,0,"February 17, 2007",3.0,11.0,1.0,12.0,,,1.0,120.0,1.0,80.0,1.0,0.0,0.0,2.72013553673742,2.72831568795162,3.09936528780915,3.09936528780915,1,1.0,1.0,1.0,1,0.375
L-LES-2012-5-26,Lesotho,2012,0,"May 26, 2012",3.0,11.0,1.0,12.0,,,1.0,120.0,1.0,80.0,1.0,0.0,0.0,3.69046028195633,3.69182273447329,3.6697247706422,3.6697247706422,1,1.0,1.0,1.0,1,0.375
L-LIT-1992-10-25,Lithuania,1992,0,"October 25, 1992",3.0,12.0,4.0,13.0,,,1.0,141.0,1.0,71.0,1.0,0.0,0.0,4.58,4.61,2.76,2.76,1,1.0,1.0,1.0,1,0.375
L-LIT-1996-11-10,Lithuania,1996,0,"November 10, 1996",3.0,12.0,4.0,13.0,,,1.0,141.0,1.0,71.0,1.0,0.0,0.0,7.68,7.75,3.32,3.33,1,1.0,1.0,1.0,1,0.375
L-LIT-2000-10-8,Lithuania,2000,0,"October 08, 2000",3.0,12.0,1.0,13.0,,,1.0,141.0,1.0,71.0,1.0,0.0,0.0,7.65,7.98,3.52,3.52,1,1.0,1.0,1.0,1,0.375
L-LIT-2004-10-10,Lithuania,2004,0,"October 10, 2004",3.0,12.0,4.0,13.0,,,1.0,141.0,1.0,71.0,1.0,0.0,0.0,5.78,5.83809734764496,5.46,5.48707018052393,1,1.0,1.0,1.0,1,0.375
L-LIT-2008-10-12,Lithuania,2008,0,"October 12, 2008",3.0,12.0,4.0,13.0,,,1.0,141.0,1.0,71.0,1.0,0.0,0.0,8.9,8.9,5.78,5.80223703909095,1,1.0,1.0,1.0,1,0.375
L-LIT-2012-10-14,Lithuania,2012,0,"October 14, 2012",3.0,12.0,4.0,13.0,,,1.0,141.0,1.0,71.0,1.0,0.0,0.0,7.206428,7.206428,5.271651,5.271651,1,1.0,1.0,1.0,1,0.375
L-LUX-1974-5-26,Luxembourg,1974,0,"May 26, 1974",2.0,9.0,17.0,,,,0.0,59.0,14.8,4.0,0.0,0.0,0.0,4.26,4.26,4.06,4.06,1,1.0,1.0,1.0,1,0.04746835443037974
L-LUX-1979-6-10,Luxembourg,1979,0,"June 10, 1979",2.0,9.0,17.0,,,,0.0,59.0,14.8,4.0,0.0,0.0,0.0,4.16,4.16,3.46,3.46,1,1.0,1.0,1.0,1,0.04746835443037974
L-LUX-1984-6-17,Luxembourg,1984,0,"June 17, 1984",2.0,9.0,17.0,,,,0.0,64.0,16.0,4.0,0.0,0.0,0.0,3.56,3.56,3.22,3.22,1,1.0,1.0,1.0,1,0.04411764705882353
L-LUX-1989-6-18,Luxembourg,1989,0,"June 18, 1989",2.0,9.0,17.0,,,,0.0,60.0,15.0,4.0,0.0,0.0,0.0,4.65,4.655,3.77,3.77,1,1.0,1.0,1.0,1,0.046875
L-LUX-1994-6-12,Luxembourg,1994,0,"June 12, 1994",2.0,9.0,17.0,,,,0.0,60.0,15.0,4.0,0.0,0.0,0.0,4.66,4.71,3.9,3.9,1,1.0,1.0,1.0,1,0.046875
L-LUX-1999-6-13,Luxembourg,1999,0,"June 13, 1999",2.0,9.0,17.0,,,,0.0,60.0,15.0,4.0,0.0,0.0,0.0,4.62,4.62,4.34,4.34,1,1.0,1.0,1.0,1,0.046875
L-LUX-2004-6-13,Luxembourg,2004,0,"June 13, 2004",2.0,9.0,17.0,,,,0.0,60.0,15.0,4.0,0.0,0.0,0.0,4.26,4.26,3.81,3.81,1,1.0,1.0,1.0,1,0.046875
L-LUX-2009-6-7,Luxembourg,2009,0,"June 07, 2009",2.0,9.0,17.0,,,,0.0,60.0,15.0,4.0,0.0,0.0,0.0,4.25,4.25612271556181,3.63,3.63,1,1.0,1.0,1.0,1,0.046875
L-LUX-2013-10-20,Luxembourg,2013,0,"October 20, 2013",2.0,9.0,17.0,,,,0.0,60.0,15.0,4.0,0.0,0.0,0.0,4.850084,4.850084,3.930131,3.930131,1,1.0,1.0,1.0,1,0.046875
L-MAS-1976-12-20,Mauritius,1976,0,"December 20, 1976",1.0,5.0,8.0,-88.0,,,1.0,70.0,2.95,21.0,0.0,0.0,0.0,2.94,2.94,2.44,2.44,1,1.0,1.0,1.0,1,0.18987341772151897
L-MAS-1982-6-15,Mauritius,1982,0,"June 15, 1982",1.0,5.0,8.0,-88.0,,,1.0,66.0,2.95,21.0,0.0,0.0,0.0,2.15,2.15,1.21,1.21,1,1.0,1.0,1.0,1,0.18987341772151897
L-MAS-1983-8-21,Mauritius,1983,0,"August 21, 1983",1.0,5.0,8.0,-88.0,,,1.0,70.0,2.95,21.0,0.0,0.0,0.0,2.55,2.55,1.88,1.89,1,1.0,1.0,1.0,1,0.18987341772151897
L-MAS-1987-8-30,Mauritius,1987,0,"August 30, 1987",1.0,5.0,8.0,-88.0,,,1.0,70.0,2.95,21.0,0.0,0.0,0.0,2.53,2.53,1.95,1.95,1,1.0,1.0,1.0,1,0.18987341772151897
L-MAS-1991-9-15,Mauritius,1991,0,"September 15, 1991",1.0,5.0,8.0,-88.0,,,1.0,66.0,2.95,21.0,0.0,0.0,0.0,2.16,2.17,2.61,2.61,1,1.0,1.0,1.0,1,0.18987341772151897
L-MAS-1995-12-20,Mauritius,1995,0,"December 20, 1995",1.0,5.0,8.0,-88.0,,,1.0,66.0,2.95,21.0,0.0,0.0,0.0,2.13,2.13,1.21,1.21,1,1.0,1.0,1.0,1,0.18987341772151897
L-MAS-2000-9-11,Mauritius,2000,0,"September 11, 2000",1.0,5.0,8.0,-88.0,,,1.0,70.0,2.95,21.0,0.0,0.0,0.0,2.41,2.45,1.41,1.41,1,1.0,1.0,1.0,1,0.18987341772151897
L-MAS-2005-7-3,Mauritius,2005,0,"July 03, 2005",1.0,5.0,8.0,-88.0,,,1.0,70.0,2.95,21.0,0.0,0.0,0.0,2.35,2.38406488684373,1.99,1.99,1,1.0,1.0,1.0,1,0.18987341772151897
L-MAS-2010-5-5,Mauritius,2010,0,"May 05, 2010",1.0,5.0,8.0,-88.0,,,1.0,70.0,2.95,21.0,0.0,0.0,0.0,2.39,2.39635821938331,1.87,1.87,1,1.0,1.0,1.0,1,0.18987341772151897
L-MAS-2014-12-10,Mauritius,2014,0,"December 10, 2014",1.0,5.0,8.0,-88.0,,,1.0,69.0,2.95,21.0,0.0,0.0,0.0,2.504093,2.504093,1.61377,1.61377,1,1.0,1.0,1.0,1,0.18987341772151897
L-MEX-2000-7-2,Mexico,2000,0,"July 02, 2000",3.0,12.0,1.0,13.0,,,1.0,500.0,1.0,300.0,5.0,0.0,0.0,3.0,3.0,2.55,2.55,1,1.0,1.0,1.0,1,0.375
L-MEX-2003-7-6,Mexico,2003,0,"July 06, 2003",3.0,12.0,1.0,13.0,,,1.0,500.0,1.0,300.0,5.0,0.0,0.0,3.19,3.26546070709334,2.76,2.77037643494908,1,1.0,1.0,1.0,1,0.375
L-MEX-2006-7-2,Mexico,2006,0,"July 02, 2006",3.0,12.0,1.0,13.0,,,1.0,500.0,1.0,300.0,5.0,0.0,0.0,3.42,3.42005263542012,3.03,3.03,1,1.0,1.0,1.0,1,0.375
L-MEX-2009-7-5,Mexico,2009,0,"July 05, 2009",3.0,12.0,1.0,13.0,,,1.0,500.0,1.0,300.0,5.0,0.0,0.0,3.77,3.77769760947653,2.75,2.75,1,1.0,1.0,1.0,1,0.375
L-MLI-2007-7-1,Mali,2007,0,"July 01, 2007",1.0,2.0,4.0,,,,0.0,160.0,1.18,125.0,0.0,0.0,0.0,-99.0,-99.0,5.55,5.87280006009223,1,1.0,1.0,1.0,1,0.34403669724770647
L-MNG-2012-10-14,Montenegro,2012,0,"October 14, 2012",2.0,9.0,25.0,,,,0.0,81.0,81.0,1.0,0.0,0.0,0.0,3.55277207705892,3.55277207705892,3.18031992244304,3.18031992244304,1,1.0,1.0,1.0,1,0.009146341463414634
L-MON-1992-6-28,Mongolia,1992,0,"June 28, 1992",1.0,5.0,8.0,,,,0.0,76.0,2.92,26.0,0.0,0.0,0.0,2.71,2.72,1.17,1.17,1,1.0,1.0,1.0,1,0.1913265306122449
L-MON-1996-6-30,Mongolia,1996,0,"June 30, 1996",1.0,2.0,3.0,,,,0.0,76.0,1.0,76.0,0.0,0.0,0.0,2.58,2.58,1.85,1.85,1,1.0,1.0,1.0,1,0.375
L-MON-2000-7-2,Mongolia,2000,0,"July 02, 2000",1.0,2.0,3.0,,,,0.0,76.0,1.0,76.0,0.0,0.0,0.0,3.24,3.245,1.11,1.11,1,1.0,1.0,1.0,1,0.375
L-MON-2004-6-27,Mongolia,2004,0,"June 27, 2004",1.0,2.0,3.0,,,,0.0,76.0,1.0,76.0,0.0,0.0,0.0,2.33,2.33292485149625,2.22,2.22,1,1.0,1.0,1.0,1,0.375
L-MON-2008-6-29,Mongolia,2008,0,"June 29, 2008",1.0,5.0,8.0,,,,0.0,76.0,2.92,26.0,0.0,0.0,0.0,2.26,2.26490296657715,2.05,2.05045123597539,1,1.0,1.0,1.0,1,0.1913265306122449
L-MON-2012-6-28,Mongolia,2012,0,"June 28, 2012",3.0,12.0,3.0,13.0,,,1.0,76.0,1.85,26.0,1.0,0.0,0.0,3.591077,3.591077,3.013953,3.013953,1,1.0,1.0,1.0,1,0.2631578947368421
L-NEW-1972-11-25,New Zealand,1972,0,"November 25, 1972",1.0,1.0,1.0,,,,0.0,87.0,1.0,87.0,0.0,0.0,0.0,2.43,2.43,1.87,1.87,1,1.0,1.0,1.0,1,0.375
L-NEW-1975-11-29,New Zealand,1975,0,"November 29, 1975",1.0,1.0,1.0,,,,0.0,87.0,1.0,87.0,0.0,0.0,0.0,2.55,2.55,1.87,1.87,1,1.0,1.0,1.0,1,0.375
L-NEW-1978-11-25,New Zealand,1978,0,"November 25, 1978",1.0,1.0,1.0,,,,0.0,92.0,1.0,92.0,0.0,0.0,0.0,2.87,2.87,2.02,2.02,1,1.0,1.0,1.0,1,0.375
L-NEW-1984-7-14,New Zealand,1984,0,"July 14, 1984",1.0,1.0,1.0,,,,0.0,95.0,1.0,95.0,0.0,0.0,0.0,2.99,2.99,1.98,1.98,1,1.0,1.0,1.0,1,0.375
L-NEW-1987-8-15,New Zealand,1987,0,"August 15, 1987",1.0,1.0,1.0,,,,0.0,97.0,1.0,97.0,0.0,0.0,0.0,2.34,2.34,1.94,1.94,1,1.0,1.0,1.0,1,0.375
L-NEW-1990-10-27,New Zealand,1990,0,"October 27, 1990",1.0,1.0,1.0,,,,0.0,97.0,1.0,97.0,0.0,0.0,0.0,2.78,2.78,1.76,1.76,1,1.0,1.0,1.0,1,0.375
L-NEW-1993-11-6,New Zealand,1993,0,"November 06, 1993",1.0,1.0,1.0,,,,0.0,99.0,1.0,99.0,0.0,0.0,0.0,3.52,3.525,2.16,2.16,1,1.0,1.0,1.0,1,0.375
L-NEW-1996-10-12,New Zealand,1996,0,"October 12, 1996",3.0,11.0,1.0,26.0,,,1.0,120.0,1.0,65.0,1.0,0.0,0.0,4.39,4.39,3.76,3.76,1,1.0,1.0,1.0,1,0.375
L-NEW-1999-11-27,New Zealand,1999,0,"November 27, 1999",3.0,11.0,1.0,26.0,,,1.0,120.0,1.0,67.0,1.0,0.0,0.0,3.86,3.86,3.45,3.45,1,1.0,1.0,1.0,1,0.375
L-NEW-2002-7-27,New Zealand,2002,0,"July 27, 2002",3.0,11.0,1.0,26.0,,,1.0,120.0,1.0,69.0,1.0,0.0,0.0,4.17,4.21143423418308,3.76,3.76,1,1.0,1.0,1.0,1,0.375
L-NEW-2005-9-17,New Zealand,2005,0,"September 17, 2005",3.0,11.0,1.0,26.0,,,1.0,121.0,1.0,69.0,1.0,0.0,0.0,3.04,3.04199782557683,2.98,2.98,1,1.0,1.0,1.0,1,0.375
L-NEW-2008-11-8,New Zealand,2008,0,"November 08, 2008",3.0,11.0,1.0,26.0,,,1.0,122.0,1.0,70.0,1.0,0.0,0.0,3.07,3.07515512716287,2.78,2.78,1,1.0,1.0,1.0,1,0.375
L-NEW-2011-11-26,New Zealand,2011,0,"November 26, 2011",3.0,11.0,1.0,26.0,,,1.0,121.0,1.0,70.0,1.0,0.0,0.0,3.0,3.00840737413293,2.98,2.98,1,1.0,1.0,1.0,1,0.375
L-NEW-2014-9-20,New Zealand,2014,0,"September 20, 2014",3.0,11.0,1.0,26.0,,,1.0,121.0,1.0,71.0,1.0,0.0,0.0,3.23978,3.23978,2.958375,2.958375,1,1.0,1.0,1.0,1,0.375
L-NOR-1973-9-9,Norway,1973,0,"September 09, 1973",2.0,9.0,27.0,,,,0.0,155.0,8.16,19.0,0.0,0.0,0.0,4.63,4.63,4.14,4.14,1,1.0,1.0,1.0,1,0.08187772925764192
L-NOR-1977-9-11,Norway,1977,0,"September 11, 1977",2.0,9.0,27.0,,,,0.0,155.0,8.16,19.0,0.0,0.0,0.0,3.85,3.85,2.97,2.97,1,1.0,1.0,1.0,1,0.08187772925764192
L-NOR-1985-9-8,Norway,1985,0,"September 08, 1985",2.0,9.0,27.0,,,,0.0,157.0,8.26,19.0,0.0,0.0,0.0,3.63,3.63,3.09,3.09,1,1.0,1.0,1.0,1,0.08099352051835854
L-NOR-1989-9-10,Norway,1989,0,"September 10, 1989",2.0,9.0,27.0,27.0,,,1.0,165.0,8.26,19.0,1.0,0.0,0.0,4.84,4.84,4.23,4.23,1,1.0,1.0,1.0,1,0.08099352051835854
L-NOR-1993-9-12,Norway,1993,0,"September 12, 1993",2.0,9.0,27.0,27.0,,,1.0,165.0,8.26,19.0,1.0,0.0,0.0,4.74,4.74,4.04,4.04,1,1.0,1.0,1.0,1,0.08099352051835854
L-NOR-1997-9-15,Norway,1997,0,"September 15, 1997",2.0,9.0,27.0,27.0,,,1.0,165.0,8.26,19.0,1.0,0.0,0.0,5.07,5.07,4.36,4.36,1,1.0,1.0,1.0,1,0.08099352051835854
L-NOR-2001-9-10,Norway,2001,0,"September 10, 2001",2.0,9.0,27.0,27.0,,,1.0,165.0,8.26,19.0,1.0,0.0,0.0,6.18,6.2205618728792,5.35,5.35,1,1.0,1.0,1.0,1,0.08099352051835854
L-NOR-2005-9-12,Norway,2005,0,"September 12, 2005",2.0,9.0,27.0,27.0,,,1.0,169.0,7.89,19.0,1.0,0.0,0.0,5.11,5.12143766323928,4.56,4.56,1,1.0,1.0,1.0,1,0.0843644544431946
L-NOR-2009-9-14,Norway,2009,0,"September 14, 2009",2.0,9.0,27.0,27.0,,,1.0,169.0,7.89,19.0,1.0,0.0,0.0,4.55,4.55757117445712,4.07,4.07,1,1.0,1.0,1.0,1,0.0843644544431946
L-NOR-2013-9-9,Norway,2013,0,"September 09, 2013",2.0,9.0,27.0,27.0,,,1.0,169.0,7.89,19.0,1.0,0.0,0.0,4.869237,4.869237,4.393324,4.393324,1,1.0,1.0,1.0,1,0.0843644544431946
L-NTH-1972-11-29,Netherlands,1972,0,"November 29, 1972",2.0,9.0,25.0,,,,0.0,150.0,150.0,1.0,0.0,0.0,0.0,6.85,6.85,6.41,6.41,1,1.0,1.0,1.0,1,0.004966887417218543
L-NTH-1977-5-25,Netherlands,1977,0,"May 25, 1977",2.0,9.0,25.0,,,,0.0,150.0,150.0,1.0,0.0,0.0,0.0,3.96,3.96,3.7,3.7,1,1.0,1.0,1.0,1,0.004966887417218543
L-NTH-1982-9-8,Netherlands,1982,0,"September 08, 1982",2.0,9.0,25.0,,,,0.0,150.0,150.0,1.0,0.0,0.0,0.0,4.23,4.24,4.02,4.02,1,1.0,1.0,1.0,1,0.004966887417218543
L-NTH-1986-5-21,Netherlands,1986,0,"May 21, 1986",2.0,9.0,25.0,,,,0.0,150.0,150.0,1.0,0.0,0.0,0.0,3.77,3.77,3.49,3.49,1,1.0,1.0,1.0,1,0.004966887417218543
L-NTH-1989-9-6,Netherlands,1989,0,"September 06, 1989",2.0,9.0,25.0,,,,0.0,150.0,150.0,1.0,0.0,0.0,0.0,3.9,3.9,3.75,3.75,1,1.0,1.0,1.0,1,0.004966887417218543
L-NTH-1994-5-3,Netherlands,1994,0,"May 03, 1994",2.0,9.0,25.0,,,,0.0,150.0,150.0,1.0,0.0,0.0,0.0,5.7,5.71,5.41,5.41,1,1.0,1.0,1.0,1,0.004966887417218543
L-NTH-1998-5-6,Netherlands,1998,0,"May 06, 1998",2.0,9.0,25.0,,,,0.0,150.0,150.0,1.0,0.0,0.0,0.0,5.13,5.14,4.81,4.81,1,1.0,1.0,1.0,1,0.004966887417218543
L-NTH-2002-5-15,Netherlands,2002,0,"May 15, 2002",2.0,9.0,25.0,,,,0.0,150.0,150.0,1.0,0.0,0.0,0.0,6.04,6.04089406380712,5.97,5.97,1,1.0,1.0,1.0,1,0.004966887417218543
L-NTH-2003-1-22,Netherlands,2003,0,"January 22, 2003",2.0,9.0,25.0,,,,0.0,150.0,150.0,1.0,0.0,0.0,0.0,4.99,4.99156923990476,4.74,4.74,1,1.0,1.0,1.0,1,0.004966887417218543
L-NTH-2006-11-22,Netherlands,2006,0,"November 22, 2006",2.0,9.0,25.0,,,,0.0,150.0,150.0,1.0,0.0,0.0,0.0,5.8,5.80302920077439,5.54,5.54,1,1.0,1.0,1.0,1,0.004966887417218543
L-NTH-2010-6-9,Netherlands,2010,0,"June 09, 2010",2.0,9.0,25.0,,,,0.0,150.0,150.0,1.0,0.0,0.0,0.0,6.97,6.97294162532855,6.74,6.74,1,1.0,1.0,1.0,1,0.004966887417218543
L-NTH-2012-9-12,Netherlands,2012,0,"September 12, 2012",2.0,9.0,25.0,,,,0.0,150.0,150.0,1.0,0.0,0.0,0.0,5.944278,5.944278,5.701977,5.701977,1,1.0,1.0,1.0,1,0.004966887417218543
L-PAN-1994-5-8,Panama,1994,0,"May 08, 1994",3.0,12.0,13.0,,,,0.0,72.0,1.8,40.0,0.0,0.0,0.0,8.64,8.64,4.33,4.33,1,1.0,1.0,1.0,1,0.26785714285714285
L-PAN-1999-5-2,Panama,1999,0,"May 02, 1999",3.0,12.0,13.0,,,,0.0,71.0,1.775,40.0,0.0,0.0,0.0,5.68,5.68,3.26,3.26,1,1.0,1.0,1.0,1,0.2702702702702703
L-PAN-2004-5-2,Panama,2004,0,"May 02, 2004",3.0,12.0,13.0,,,,0.0,73.0,1.825,40.0,0.0,0.0,0.0,4.46,4.46,2.92,2.92,1,1.0,1.0,1.0,1,0.2654867256637168
L-PAN-2009-5-3,Panama,2009,0,"May 03, 2009",3.0,12.0,13.0,,,,0.0,71.0,1.775,40.0,0.0,0.0,0.0,4.16,4.18206036438217,3.65,3.6587166404963,1,1.0,1.0,1.0,1,0.2702702702702703
L-PAN-2014-5-4,Panama,2014,0,"May 04, 2014",3.0,12.0,13.0,,,,1.0,71.0,1.78,40.0,0.0,0.0,0.0,3.833885,3.833885,3.009552,3.009552,1,1.0,1.0,1.0,1,0.2697841726618705
L-PER-1985-4-14,Peru,1985,0,"April 14, 1985",2.0,9.0,25.0,,,,0.0,180.0,7.2,25.0,0.0,0.0,0.0,3.02,3.02,2.31,2.31,1,1.0,1.0,1.0,1,0.09146341463414635
L-PER-2001-4-8,Peru,2001,0,"April 08, 2001",2.0,9.0,25.0,,,,0.0,120.0,4.8,25.0,0.0,0.0,0.0,6.6,6.63575006888665,4.37,4.37,1,1.0,1.0,1.0,1,0.12931034482758622
L-PER-2006-4-9,Peru,2006,0,"April 09, 2006",2.0,9.0,25.0,,,,0.0,120.0,4.8,25.0,0.0,0.0,0.0,7.31,8.45087844229744,3.78,3.78,1,1.0,1.0,1.0,1,0.12931034482758622
L-PER-2011-4-10,Peru,2011,0,"April 10, 2011",2.0,9.0,25.0,,,,0.0,130.0,5.2,25.0,0.0,0.0,0.0,5.71,5.71,3.97,3.97,1,1.0,1.0,1.0,1,0.12096774193548386
L-PHI-1998-5-11,Philippines,1998,0,"May 11, 1998",3.0,11.0,1.0,-88.0,,,1.0,220.0,1.0,206.0,1.0,0.0,0.0,3.1,3.12,3.02,3.08,1,1.0,1.0,1.0,1,0.375
L-PHI-2001-5-14,Philippines,2001,0,"May 14, 2001",3.0,11.0,1.0,-88.0,,,1.0,219.0,1.0,205.0,1.0,0.0,0.0,-99.0,28.46,5.37,5.9924682340253,1,1.0,1.0,1.0,1,0.375
L-POL-1991-10-27,Poland,1991,0,"October 27, 1991",2.0,9.0,13.0,27.0,,,1.0,460.0,10.57,37.0,1.0,0.0,0.0,13.86,13.86,10.87,10.87,1,1.0,1.0,1.0,1,0.06482281763180639
L-POL-1993-9-19,Poland,1993,0,"September 19, 1993",2.0,9.0,25.0,27.0,,,1.0,460.0,7.52,52.0,1.0,0.0,0.0,9.8,9.8,3.88,3.88,1,1.0,1.0,1.0,1,0.08802816901408451
L-POL-1997-9-21,Poland,1997,0,"September 21, 1997",2.0,9.0,25.0,27.0,,,1.0,460.0,7.52,52.0,1.0,0.0,0.0,4.59,4.59,2.95,2.95,1,1.0,1.0,1.0,1,0.08802816901408451
L-POL-2001-9-23,Poland,2001,0,"September 23, 2001",2.0,9.0,27.0,,,,0.0,460.0,11.22,41.0,0.0,0.0,0.0,4.5,4.50048606561992,3.6,3.6,1,1.0,1.0,1.0,1,0.0613747954173486
L-POL-2005-9-25,Poland,2005,0,"September 25, 2005",2.0,9.0,25.0,,,,0.0,460.0,11.22,41.0,0.0,0.0,0.0,5.86,6.27510817793536,4.26,4.26,1,1.0,1.0,1.0,1,0.0613747954173486
L-POL-2007-10-21,Poland,2007,0,"October 21, 2007",2.0,9.0,25.0,,,,0.0,460.0,11.22,41.0,0.0,0.0,0.0,3.32,3.32558673909837,2.82,2.82,1,1.0,1.0,1.0,1,0.0613747954173486
L-POL-2011-10-9,Poland,2011,0,"October 09, 2011",2.0,9.0,25.0,,,,0.0,460.0,11.22,41.0,0.0,0.0,0.0,3.72,3.731130005,3.0,3.0,1,1.0,1.0,1.0,1,0.0613747954173486
L-POL-2015-10-25,Poland,2015,0,"October 25, 2015",2.0,9.0,25.0,,,,0.0,460.0,11.22,41.0,0.0,0.0,0.0,4.354661,4.517569,2.745413,2.745413,1,1.0,1.0,1.0,1,0.0613747954173486
L-POR-1976-4-25,Portugal,1976,0,"April 25, 1976",2.0,9.0,25.0,,,,0.0,263.0,11.95,24.0,0.0,0.0,0.0,4.0,4.0,3.43,3.43,1,1.0,1.0,1.0,1,0.05791505791505792
L-POR-1979-12-2,Portugal,1979,0,"December 02, 1979",2.0,9.0,25.0,,,,0.0,250.0,11.36,22.0,0.0,0.0,0.0,3.0,3.01,2.54,2.54,1,1.0,1.0,1.0,1,0.06067961165048544
L-POR-1980-10-5,Portugal,1980,0,"October 05, 1980",2.0,9.0,25.0,,,,0.0,250.0,11.36,22.0,0.0,0.0,0.0,2.88,2.89,2.51,2.51,1,1.0,1.0,1.0,1,0.06067961165048544
L-POR-1983-4-25,Portugal,1983,0,"April 25, 1983",2.0,9.0,25.0,,,,0.0,250.0,11.36,22.0,0.0,0.0,0.0,3.73,3.74,3.41,3.41,1,1.0,1.0,1.0,1,0.06067961165048544
L-POR-1985-10-6,Portugal,1985,0,"October 06, 1985",2.0,9.0,25.0,,,,0.0,250.0,11.36,22.0,0.0,0.0,0.0,4.77,4.77,4.26,4.26,1,1.0,1.0,1.0,1,0.06067961165048544
L-POR-1987-7-19,Portugal,1987,0,"July 19, 1987",2.0,9.0,25.0,,,,0.0,250.0,11.36,22.0,0.0,0.0,0.0,2.98,2.98,2.37,2.37,1,1.0,1.0,1.0,1,0.06067961165048544
L-POR-1991-10-6,Portugal,1991,0,"October 06, 1991",2.0,9.0,25.0,,,,0.0,230.0,10.45,22.0,0.0,0.0,0.0,2.86,2.86,2.24,2.24,1,1.0,1.0,1.0,1,0.06550218340611354
L-POR-1995-10-1,Portugal,1995,0,"October 01, 1995",2.0,9.0,25.0,,,,0.0,230.0,10.45,22.0,0.0,0.0,0.0,3.09,3.09,2.55,2.55,1,1.0,1.0,1.0,1,0.06550218340611354
L-POR-1999-10-10,Portugal,1999,0,"October 10, 1999",2.0,9.0,25.0,,,,0.0,230.0,10.45,22.0,0.0,0.0,0.0,3.19,3.19,2.62,2.62,1,1.0,1.0,1.0,1,0.06550218340611354
L-POR-2002-3-17,Portugal,2002,0,"March 17, 2002",2.0,9.0,25.0,,,,0.0,230.0,10.45,22.0,0.0,0.0,0.0,3.03,3.031176067452,2.5,2.5,1,1.0,1.0,1.0,1,0.06550218340611354
L-POR-2005-2-20,Portugal,2005,0,"February 20, 2005",2.0,9.0,25.0,,,,0.0,230.0,10.45,22.0,0.0,0.0,0.0,3.13,3.13237444689709,2.56,2.56,1,1.0,1.0,1.0,1,0.06550218340611354
L-POR-2009-9-27,Portugal,2009,0,"September 27, 2009",2.0,9.0,25.0,,,,0.0,230.0,10.45,22.0,0.0,0.0,0.0,3.83,3.8375400482661,3.13,3.13,1,1.0,1.0,1.0,1,0.06550218340611354
L-POR-2011-6-5,Portugal,2011,0,"June 05, 2011",2.0,9.0,25.0,,,,0.0,230.0,10.45,22.0,0.0,0.0,0.0,3.96,3.97673133064273,2.96,2.96,1,1.0,1.0,1.0,1,0.06550218340611354
L-POR-2015-10-4,Portugal,2015,0,"October 04, 2015",2.0,9.0,25.0,,,,0.0,230.0,10.45,22.0,0.0,0.0,0.0,3.417507,3.417507,2.713377,2.713377,1,1.0,1.0,1.0,1,0.06550218340611354
L-ROK-1988-4-26,South Korea,1988,0,"April 26, 1988",3.0,12.0,1.0,13.0,,,1.0,299.0,1.0,224.0,1.0,0.0,0.0,4.23,4.265,3.53,3.55,1,1.0,1.0,1.0,1,0.375
L-ROK-1992-3-25,South Korea,1992,0,"March 25, 1992",3.0,12.0,1.0,13.0,,,1.0,299.0,1.0,237.0,1.0,0.0,0.0,3.6,3.77,2.71,2.75,1,1.0,1.0,1.0,1,0.375
L-ROK-1996-4-12,South Korea,1996,0,"April 12, 1996",3.0,12.0,1.0,13.0,,,1.0,299.0,1.0,253.0,1.0,0.0,0.0,4.24,4.5,3.13,3.15,1,1.0,1.0,1.0,1,0.375
L-ROK-2000-4-13,South Korea,2000,0,"April 13, 2000",3.0,12.0,1.0,13.0,,,1.0,273.0,1.0,227.0,1.0,0.0,0.0,3.32,3.405,2.39,2.39,1,1.0,1.0,1.0,1,0.375
L-ROK-2004-4-15,South Korea,2004,0,"April 15, 2004",3.0,12.0,1.0,13.0,,,1.0,299.0,1.0,243.0,1.0,0.0,0.0,3.36,3.36005080473633,2.36,2.36028041247817,1,1.0,1.0,1.0,1,0.375
L-ROK-2008-4-9,South Korea,2008,0,"April 09, 2008",3.0,12.0,1.0,13.0,,,1.0,299.0,1.0,245.0,1.0,0.0,0.0,4.24,4.33244035586753,2.87,2.91808350354801,1,1.0,1.0,1.0,1,0.375
L-ROK-2012-4-11,South Korea,2012,0,"April 11, 2012",3.0,12.0,1.0,13.0,,,1.0,300.0,1.0,246.0,1.0,0.0,0.0,3.000966,3.000966,2.282179,2.282179,1,1.0,1.0,1.0,1,0.375
L-ROM-1996-11-3,Romania,1996,0,"November 03, 1996",2.0,9.0,12.0,25.0,,,1.0,343.0,7.81,42.0,1.0,0.0,0.0,6.06,6.08,4.3,4.3,1,1.0,1.0,1.0,1,0.08513053348467652
L-ROM-2000-11-26,Romania,2000,0,"November 26, 2000",2.0,9.0,12.0,25.0,,,1.0,345.0,7.79,42.0,1.0,0.0,0.0,5.23,5.23,3.53,3.53,1,1.0,1.0,1.0,1,0.08532423208191127
L-ROM-2004-11-28,Romania,2004,0,"November 28, 2004",2.0,9.0,12.0,25.0,,,1.0,332.0,7.48,42.0,1.0,0.0,0.0,3.9,4.08832610999601,3.36,3.37675822758087,1,1.0,1.0,1.0,1,0.08844339622641509
L-SAL-2000-3-12,El Salvador,2000,0,"March 12, 2000",2.0,9.0,13.0,13.0,,,1.0,84.0,4.57,14.0,0.0,0.0,0.0,3.68,3.68,3.47,3.47,1,1.0,1.0,1.0,1,0.13464991023339318
L-SAL-2003-3-16,El Salvador,2003,0,"March 16, 2003",2.0,9.0,13.0,13.0,,,1.0,84.0,4.57,14.0,0.0,0.0,0.0,4.09,4.09,3.53,3.53,1,1.0,1.0,1.0,1,0.13464991023339318
L-SAL-2006-3-12,El Salvador,2006,0,"March 12, 2006",2.0,9.0,13.0,13.0,,,1.0,84.0,6.0,14.0,0.0,0.0,0.0,3.03,3.03000459046391,3.04,3.04,1,1.0,1.0,1.0,1,0.10714285714285714
L-SAL-2009-1-18,El Salvador,2009,0,"January 18, 2009",2.0,9.0,13.0,13.0,,,1.0,84.0,6.0,14.0,0.0,0.0,0.0,2.92,2.9204264445218,2.94,2.94,1,1.0,1.0,1.0,1,0.10714285714285714
L-SAL-2012-3-11,El Salvador,2012,0,"March 11, 2012",2.0,9.0,13.0,13.0,,,1.0,84.0,6.0,14.0,0.0,0.0,0.0,3.230906,3.230906,3.19276,3.19276,1,1.0,1.0,1.0,1,0.10714285714285714
L-SAL-2015-3-1,El Salvador,2015,0,"March 01, 2015",2.0,9.0,13.0,13.0,,,1.0,84.0,6.0,14.0,0.0,0.0,0.0,3.299894,3.299894,3.153846,3.153846,1,1.0,1.0,1.0,1,0.10714285714285714
L-SEN-2007-6-3,Senegal,2007,0,"June 03, 2007",3.0,12.0,9.0,13.0,,,1.0,150.0,3.0,30.0,1.0,0.0,0.0,2.04,2.04,1.31,1.31,1,1.0,1.0,1.0,1,0.1875
L-SEN-2012-7-1,Senegal,2012,0,"July 01, 2012",3.0,12.0,9.0,13.0,,,1.0,150.0,3.0,30.0,40.0,1.0,0.0,3.133926,3.133926,1.567726,1.567726,1,1.0,1.0,1.0,1,0.1875
L-SIE-2012-11-17,Sierra Leone,2012,0,"November 17, 2012",1.0,1.0,1.0,,,,0.0,124.0,1.0,112.0,0.0,0.0,0.0,2.264395,2.264395,1.900048,1.900048,1,1.0,1.0,1.0,1,0.375
L-SLO-1994-9-30,Slovakia,1994,0,"September 30, 1994",2.0,9.0,15.0,16.0,,,1.0,150.0,37.5,4.0,1.0,0.0,0.0,5.81,5.81,4.41,4.41,1,1.0,1.0,1.0,1,0.01948051948051948
L-SLO-1998-9-25,Slovakia,1998,0,"September 25, 1998",2.0,9.0,19.0,,,,0.0,150.0,150.0,1.0,0.0,0.0,0.0,5.26,5.26,4.76,4.76,1,1.0,1.0,1.0,1,0.004966887417218543
L-SLO-2002-9-20,Slovakia,2002,0,"September 20, 2002",2.0,9.0,19.0,,,,0.0,150.0,150.0,1.0,0.0,0.0,0.0,8.87,11.7697631675964,6.12,6.12,1,1.0,1.0,1.0,1,0.004966887417218543
L-SLO-2006-6-17,Slovakia,2006,0,"June 17, 2006",2.0,9.0,19.0,,,,0.0,150.0,150.0,1.0,0.0,0.0,0.0,6.11,6.26390809537883,4.81,4.81,1,1.0,1.0,1.0,1,0.004966887417218543
L-SLO-2010-6-12,Slovakia,2010,0,"June 12, 2010",2.0,9.0,19.0,,,,0.0,150.0,150.0,1.0,0.0,0.0,0.0,5.53,5.64390451814207,4.01,4.01,1,1.0,1.0,1.0,1,0.004966887417218543
L-SLO-2012-3-10,Slovakia,2012,0,"March 10, 2012",2.0,9.0,16.0,,,,0.0,150.0,150.0,1.0,0.0,0.0,0.0,4.180095,4.180095,2.880184,2.880184,1,1.0,1.0,1.0,1,0.004966887417218543
L-SLV-1992-12-6,Slovenia,1992,0,"December 06, 1992",2.0,9.0,12.0,25.0,,,1.0,90.0,11.0,8.0,1.0,0.0,0.0,8.34,8.34,6.6,6.6,1,1.0,1.0,1.0,1,0.0625
L-SLV-1996-11-10,Slovenia,1996,0,"November 10, 1996",2.0,9.0,12.0,25.0,,,1.0,90.0,11.0,8.0,1.0,0.0,0.0,6.32,6.32,5.53,5.53,1,1.0,1.0,1.0,1,0.0625
L-SLV-2000-10-15,Slovenia,2000,0,"October 15, 2000",2.0,9.0,12.0,25.0,,,1.0,90.0,11.0,8.0,1.0,0.0,0.0,5.11,5.13,4.55,4.55,1,1.0,1.0,1.0,1,0.0625
L-SLV-2004-10-3,Slovenia,2004,0,"October 03, 2004",2.0,9.0,12.0,25.0,,,1.0,90.0,11.0,8.0,1.0,0.0,0.0,6.02,6.46293026634841,4.9,4.9,1,1.0,1.0,1.0,1,0.0625
L-SLV-2008-9-21,Slovenia,2008,0,"September 21, 2008",2.0,9.0,18.0,25.0,,,1.0,90.0,11.0,8.0,1.0,0.0,0.0,4.94,5.03824129534705,4.23,4.23,1,1.0,1.0,1.0,1,0.0625
L-SLV-2011-12-4,Slovenia,2011,0,"December 04, 2011",2.0,9.0,18.0,25.0,,,1.0,90.0,11.0,8.0,1.0,0.0,0.0,5.47,5.51849714484516,4.52,4.52,1,1.0,1.0,1.0,1,0.0625
L-SLV-2014-7-13,Slovenia,2014,0,"July 13, 2014",2.0,9.0,18.0,25.0,,,1.0,90.0,11.0,8.0,1.0,0.0,0.0,5.258011,5.258011,4.145343,4.145343,1,1.0,1.0,1.0,1,0.0625
L-SOL-1980-8-6,Solomon Islands,1980,0,"August 06, 1980",1.0,1.0,1.0,,,,0.0,38.0,1.0,38.0,0.0,0.0,0.0,2.53,12.245,3.14,3.91,1,1.0,1.0,1.0,1,0.375
L-SOL-1984-10-24,Solomon Islands,1984,0,"October 24, 1984",1.0,1.0,1.0,,,,0.0,38.0,1.0,38.0,0.0,0.0,0.0,4.19,8.35,3.66,4.33,1,1.0,1.0,1.0,1,0.375
L-SOL-1993-5-26,Solomon Islands,1993,0,"May 26, 1993",1.0,1.0,1.0,,,,0.0,47.0,1.0,47.0,0.0,0.0,0.0,5.22,7.75,4.08,4.19,1,1.0,1.0,1.0,1,0.375
L-SOL-1997-8-6,Solomon Islands,1997,0,"August 06, 1997",1.0,1.0,1.0,,,,0.0,50.0,1.0,50.0,0.0,0.0,0.0,,,4.25,4.53,1,1.0,1.0,1.0,1,0.375
L-SPN-1979-3-1,Spain,1979,0,"March 01, 1979",2.0,9.0,25.0,,,,0.0,350.0,6.73,52.0,0.0,0.0,0.0,4.25,4.28,2.81,2.81,1,1.0,1.0,1.0,1,0.09702457956015523
L-SPN-1982-10-28,Spain,1982,0,"October 28, 1982",2.0,9.0,25.0,,,,0.0,350.0,6.73,52.0,0.0,0.0,0.0,3.18,3.19,2.33,2.33,1,1.0,1.0,1.0,1,0.09702457956015523
L-SPN-1986-6-22,Spain,1986,0,"June 22, 1986",2.0,9.0,25.0,,,,0.0,350.0,6.73,52.0,0.0,0.0,0.0,3.59,3.6,3.02,3.02,1,1.0,1.0,1.0,1,0.09702457956015523
L-SPN-1989-10-29,Spain,1989,0,"October 29, 1989",2.0,9.0,25.0,,,,0.0,350.0,6.73,52.0,0.0,0.0,0.0,4.08,4.08,2.85,2.85,1,1.0,1.0,1.0,1,0.09702457956015523
L-SPN-1993-6-6,Spain,1993,0,"June 06, 1993",2.0,9.0,25.0,,,,0.0,350.0,6.73,52.0,0.0,0.0,0.0,3.5,3.53,2.67,2.67,1,1.0,1.0,1.0,1,0.09702457956015523
L-SPN-1996-3-3,Spain,1996,0,"March 03, 1996",2.0,9.0,25.0,,,,0.0,350.0,6.73,52.0,0.0,0.0,0.0,3.27,3.27,2.72,2.72,1,1.0,1.0,1.0,1,0.09702457956015523
L-SPN-2000-3-12,Spain,2000,0,"March 12, 2000",2.0,9.0,25.0,,,,0.0,350.0,6.73,52.0,0.0,0.0,0.0,2.99,3.12,2.48,2.48,1,1.0,1.0,1.0,1,0.09702457956015523
L-SPN-2004-3-14,Spain,2004,0,"March 14, 2004",2.0,9.0,25.0,,,,0.0,350.0,6.73,52.0,0.0,0.0,0.0,3.0,3.00456093783009,2.53,2.53,1,1.0,1.0,1.0,1,0.09702457956015523
L-SPN-2008-3-9,Spain,2008,0,"March 09, 2008",2.0,9.0,25.0,,,,0.0,350.0,6.73,52.0,0.0,0.0,0.0,2.79,2.79186944134509,2.36,2.36,1,1.0,1.0,1.0,1,0.09702457956015523
L-SPN-2011-11-20,Spain,2011,0,"November 20, 2011",2.0,9.0,25.0,,,,0.0,350.0,6.73,52.0,0.0,0.0,0.0,3.426723,3.426723,2.595779,2.595779,1,1.0,1.0,1.0,1,0.09702457956015523
L-SPN-2015-12-20,Spain,2015,0,"December 20, 2015",2.0,9.0,25.0,,,,0.0,350.0,6.73,52.0,0.0,0.0,0.0,5.820349,5.820349,4.529655,4.529655,1,1.0,1.0,1.0,1,0.09702457956015523
L-SWD-1973-9-16,Sweden,1973,0,"September 16, 1973",2.0,9.0,27.0,27.0,,,1.0,350.0,11.07,28.0,1.0,0.0,0.0,3.54,3.54,3.35,3.35,1,1.0,1.0,1.0,1,0.06213753106876553
L-SWD-1976-9-19,Sweden,1976,0,"September 19, 1976",2.0,9.0,27.0,27.0,,,1.0,349.0,11.07,28.0,1.0,0.0,0.0,3.58,3.58,3.44,3.44,1,1.0,1.0,1.0,1,0.06213753106876553
L-SWD-1979-9-16,Sweden,1979,0,"September 16, 1979",2.0,9.0,27.0,27.0,,,1.0,349.0,11.07,28.0,1.0,0.0,0.0,3.63,3.63,3.49,3.49,1,1.0,1.0,1.0,1,0.06213753106876553
L-SWD-1982-9-19,Sweden,1982,0,"September 19, 1982",2.0,9.0,27.0,27.0,,,1.0,349.0,11.07,28.0,1.0,0.0,0.0,3.39,3.39,3.13,3.13,1,1.0,1.0,1.0,1,0.06213753106876553
L-SWD-1985-9-15,Sweden,1985,0,"September 15, 1985",2.0,9.0,27.0,27.0,,,1.0,349.0,11.07,28.0,1.0,0.0,0.0,3.34,3.34,3.39,3.39,1,1.0,1.0,1.0,1,0.06213753106876553
L-SWD-1988-9-18,Sweden,1988,0,"September 18, 1988",2.0,9.0,27.0,27.0,,,1.0,349.0,11.07,28.0,1.0,0.0,0.0,3.91,3.91,3.67,3.67,1,1.0,1.0,1.0,1,0.06213753106876553
L-SWD-1991-9-15,Sweden,1991,0,"September 15, 1991",2.0,9.0,27.0,26.0,,,1.0,349.0,11.07,28.0,1.0,0.0,0.0,4.58,4.58,4.2,4.2,1,1.0,1.0,1.0,1,0.06213753106876553
L-SWD-1994-9-18,Sweden,1994,0,"September 18, 1994",2.0,9.0,27.0,26.0,,,1.0,349.0,10.69,29.0,1.0,0.0,0.0,3.65,3.65,3.51,3.51,1,1.0,1.0,1.0,1,0.0641573994867408
L-SWD-1998-9-20,Sweden,1998,0,"September 20, 1998",2.0,9.0,27.0,26.0,,,1.0,349.0,10.69,29.0,1.0,0.0,0.0,4.54,4.54,4.29,4.29,1,1.0,1.0,1.0,1,0.0641573994867408
L-SWD-2002-9-15,Sweden ,2002,0,"September 15, 2002",2.0,9.0,27.0,26.0,,,1.0,349.0,10.69,29.0,1.0,0.0,0.0,4.51,4.51919034862507,4.23,4.23,1,1.0,1.0,1.0,1,0.0641573994867408
L-SWD-2006-9-17,Sweden ,2006,0,"September 17, 2006",2.0,9.0,27.0,26.0,,,1.0,349.0,10.69,29.0,1.0,0.0,0.0,4.66,4.69891789694751,4.15,4.15,1,1.0,1.0,1.0,1,0.0641573994867408
L-SWD-2010-9-19,Sweden ,2010,0,"September 19, 2010",2.0,9.0,27.0,26.0,,,1.0,349.0,10.69,29.0,1.0,0.0,0.0,4.78,4.78224124297572,4.51,4.51,1,1.0,1.0,1.0,1,0.0641573994867408
L-SWD-2014-9-14,Sweden,2014,0,"September 14, 2014",2.0,9.0,27.0,26.0,,,1.0,349.0,10.69,29.0,1.0,0.0,0.0,5.391562,5.391562,4.993277,4.993277,1,1.0,1.0,1.0,1,0.0641573994867408
L-SWZ-1975-10-26,Switzerland,1975,0,"October 26, 1975",2.0,9.0,17.0,,,,0.0,200.0,8.0,25.0,0.0,0.0,0.0,5.78,5.795,5.0,5.0,1,1.0,1.0,1.0,1,0.08333333333333333
L-SWZ-1979-10-21,Switzerland,1979,0,"October 21, 1979",2.0,9.0,17.0,,,,0.0,200.0,7.7,26.0,0.0,0.0,0.0,5.5,5.52,5.1,5.1,1,1.0,1.0,1.0,1,0.08620689655172414
L-SWZ-1983-10-23,Switzerland,1983,0,"October 23, 1983",2.0,9.0,17.0,,,,0.0,200.0,7.7,26.0,0.0,0.0,0.0,5.99,6.03,5.26,5.26,1,1.0,1.0,1.0,1,0.08620689655172414
L-SWZ-1987-10-18,Switzerland,1987,0,"October 18, 1987",2.0,9.0,17.0,,,,0.0,200.0,7.7,26.0,0.0,0.0,0.0,6.8,6.83,5.76,5.76,1,1.0,1.0,1.0,1,0.08620689655172414
L-SWZ-1991-10-20,Switzerland,1991,0,"October 20, 1991",2.0,9.0,17.0,,,,0.0,200.0,7.7,26.0,0.0,0.0,0.0,7.34,7.37,6.7,6.7,1,1.0,1.0,1.0,1,0.08620689655172414
L-SWZ-1995-10-29,Switzerland,1995,0,"October 29, 1995",2.0,9.0,17.0,,,,0.0,200.0,7.7,26.0,0.0,0.0,0.0,6.82,6.86,5.6,5.6,1,1.0,1.0,1.0,1,0.08620689655172414
L-SWZ-1999-10-24,Switzerland,1999,0,"October 24, 1999",2.0,9.0,17.0,,,,0.0,200.0,7.7,26.0,0.0,0.0,0.0,5.86,5.88,5.16,5.16,1,1.0,1.0,1.0,1,0.08620689655172414
L-SWZ-2003-10-19,Switzerland,2003,0,"October 19, 2003",2.0,9.0,17.0,,,,0.0,200.0,7.7,26.0,0.0,0.0,0.0,5.44,5.4498578340881,5.01,5.01,1,1.0,1.0,1.0,1,0.08620689655172414
L-SWZ-2007-10-21,Switzerland,2007,0,"October 21, 2007",2.0,9.0,17.0,,,,0.0,200.0,7.7,26.0,0.0,0.0,0.0,5.61,5.61,4.97,4.97,1,1.0,1.0,1.0,1,0.08620689655172414
L-SWZ-2011-10-23,Switzerland,2011,0,"October 23, 2011",2.0,9.0,17.0,,,,0.0,200.0,7.7,26.0,0.0,0.0,0.0,6.35,6.35,5.58,5.58,1,1.0,1.0,1.0,1,0.08620689655172414
L-SWZ-2015-10-18,Switzerland,2015,0,"October 18, 2015",2.0,9.0,17.0,,,,0.0,200.0,7.7,26.0,0.0,0.0,0.0,5.772872,5.772872,4.924895,4.924895,1,1.0,1.0,1.0,1,0.08620689655172414
L-TAW-1998-12-5,Taiwan,1998,0,"December 05, 1998",3.0,12.0,11.0,13.0,,,1.0,225.0,5.79,29.0,1.0,0.0,0.0,3.14,3.225,2.49,2.51,1,1.0,1.0,1.0,1,0.11045655375552282
L-TAW-2001-12-1,Taiwan,2001,0,"December 01, 2001",3.0,12.0,11.0,13.0,,,1.0,225.0,5.79,29.0,1.0,0.0,0.0,3.56,3.56010139457543,3.47,3.49124003449931,1,1.0,1.0,1.0,1,0.11045655375552282
L-TAW-2004-12-11,Taiwan,2004,0,"December 11, 2004",3.0,12.0,11.0,13.0,,,1.0,225.0,5.79,29.0,1.0,0.0,0.0,3.36,3.37703730284504,3.26,3.26241623434203,1,1.0,1.0,1.0,1,0.11045655375552282
L-TAW-2008-1-12,Taiwan,2008,0,"January 12, 2008",3.0,12.0,1.0,-99.0,,,1.0,113.0,1.0,73.0,1.0,0.0,0.0,2.4,2.40716105592662,1.75,1.75011993577317,1,1.0,1.0,1.0,1,0.375
L-TAW-2012-1-14,Taiwan,2012,0,"January 14, 2012",3.0,12.0,1.0,9.0,,,1.0,113.0,1.0,73.0,1.0,0.0,0.0,3.032928,3.032928,2.232733,2.232733,1,1.0,1.0,1.0,1,0.375
L-THI-2001-1-6,Thailand,2001,0,"January 06, 2001",3.0,12.0,1.0,13.0,,,0.0,500.0,1.0,400.0,0.0,0.0,0.0,3.74,3.98942160339895,3.05,3.0560519421168,1,1.0,1.0,1.0,1,0.375
L-TRI-1986-12-15,Trinidad and Tobago,1986,0,"December 15, 1986",1.0,1.0,1.0,,,,0.0,36.0,1.0,36.0,0.0,0.0,0.0,1.84,1.84,1.18,1.18,1,1.0,1.0,1.0,1,0.375
L-TRI-1991-12-16,Trinidad and Tobago,1991,0,"December 16, 1991",1.0,1.0,1.0,,,,0.0,36.0,1.0,36.0,0.0,0.0,0.0,2.88,2.88,2.11,2.11,1,1.0,1.0,1.0,1,0.375
L-TRI-1995-11-6,Trinidad and Tobago,1995,0,"November 06, 1995",1.0,1.0,1.0,,,,0.0,36.0,1.0,36.0,0.0,0.0,0.0,2.22,2.22,2.23,2.23,1,1.0,1.0,1.0,1,0.375
L-TRI-2000-12-11,Trinidad and Tobago,2000,0,"December 11, 2000",1.0,1.0,1.0,,,,0.0,36.0,1.0,36.0,0.0,0.0,0.0,2.15,2.15,2.0,2.0,1,1.0,1.0,1.0,1,0.375
L-TRI-2007-11-5,Trinidad and Tobago,2007,0,"November 05, 2007",1.0,1.0,1.0,,,,0.0,41.0,1.0,41.0,0.0,0.0,0.0,2.84,2.84116643656447,1.87,1.87,1,1.0,1.0,1.0,1,0.375
L-TRI-2010-5-24,Trinidad and Tobago,2010,0,"May 24, 2010",1.0,1.0,1.0,,,,0.0,41.0,1.0,41.0,0.0,0.0,0.0,1.95,1.95001711155031,1.71,1.71,1,1.0,1.0,1.0,1,0.375
L-TRI-2015-9-7,Trinidad and Tobago,2015,0,"September 07, 2015",1.0,1.0,1.0,,,,0.0,41.0,1.0,41.0,0.0,0.0,0.0,2.33806,2.33806,2.052503,2.052503,1,1.0,1.0,1.0,1,0.375
L-TUR-1977-6-5,Turkey,1977,0,"June 05, 1977",2.0,9.0,25.0,,,,0.0,450.0,6.72,67.0,0.0,0.0,0.0,3.12,3.13,2.47,2.47,1,1.0,1.0,1.0,1,0.09715025906735751
L-UKG-1974-10-10,United Kingdom,1974,0,"October 10, 1974",1.0,1.0,1.0,,,,0.0,635.0,1.0,635.0,0.0,0.0,0.0,3.13,3.13,2.25,2.25,1,1.0,1.0,1.0,1,0.375
L-UKG-1974-2-28,United Kingdom,1974,0,"February 28, 1974",1.0,1.0,1.0,,,,0.0,635.0,1.0,635.0,0.0,0.0,0.0,3.15,3.15,2.26,2.26,1,1.0,1.0,1.0,1,0.375
L-UKG-1979-5-3,United Kingdom,1979,0,"May 03, 1979",1.0,1.0,1.0,,,,0.0,635.0,1.0,635.0,0.0,0.0,0.0,2.87,2.87,2.15,2.15,1,1.0,1.0,1.0,1,0.375
L-UKG-1983-6-9,United Kingdom,1983,0,"June 09, 1983",1.0,1.0,1.0,,,,0.0,650.0,1.0,650.0,0.0,0.0,0.0,2.83,2.83,2.09,2.09,1,1.0,1.0,1.0,1,0.375
L-UKG-1987-6-11,United Kingdom,1987,0,"June 11, 1987",1.0,1.0,1.0,,,,0.0,650.0,1.0,650.0,0.0,0.0,0.0,2.85,2.85,2.17,2.17,1,1.0,1.0,1.0,1,0.375
L-UKG-1992-4-9,United Kingdom,1992,0,"April 09, 1992",1.0,1.0,1.0,,,,0.0,651.0,1.0,651.0,0.0,0.0,0.0,3.03,3.03,2.27,2.27,1,1.0,1.0,1.0,1,0.375
L-UKG-1997-5-1,United Kingdom,1997,0,"May 01, 1997",1.0,1.0,1.0,,,,0.0,659.0,1.0,659.0,0.0,0.0,0.0,3.21,3.23,2.12,2.12,1,1.0,1.0,1.0,1,0.375
L-UKG-2001-6-7,United Kingdom,2001,0,"June 07, 2001",1.0,1.0,1.0,,,,0.0,659.0,1.0,659.0,0.0,0.0,0.0,3.33,3.33337456195253,2.17,2.17000542151686,1,1.0,1.0,1.0,1,0.375
L-UKG-2005-5-5,United Kingdom,2005,0,"May 05, 2005",1.0,1.0,1.0,,,,0.0,646.0,1.0,646.0,0.0,0.0,0.0,3.59,3.60463310509574,2.46,2.4600652590479,1,1.0,1.0,1.0,1,0.375
L-UKG-2010-5-6,United Kingdom,2010,0,"May 06, 2010",1.0,1.0,1.0,,,,0.0,650.0,1.0,650.0,0.0,0.0,0.0,3.71,3.71341664365967,2.57,2.57000781649725,1,1.0,1.0,1.0,1,0.375
L-UKG-2015-5-7,United Kingdom,2015,0,"May 07, 2015",1.0,1.0,1.0,,,,0.0,650.0,1.0,650.0,0.0,0.0,0.0,3.929134,3.929134,2.534645,2.534645,1,1.0,1.0,1.0,1,0.375
L-UKR-2006-3-26,Ukraine,2006,0,"March 26, 2006",2.0,9.0,13.0,,,,0.0,450.0,450.0,1.0,0.0,0.0,0.0,5.11,5.26316022938155,3.41,3.41,1,1.0,1.0,1.0,1,0.0016629711751662971
L-UKR-2007-9-30,Ukraine,2007,0,"September 30, 2007",2.0,9.0,13.0,,,,0.0,450.0,450.0,1.0,0.0,0.0,0.0,4.17,4.19272362525594,3.3,3.3,1,1.0,1.0,1.0,1,0.0016629711751662971
L-URU-1989-11-26,Uruguay,1989,0,"November 26, 1989",2.0,9.0,25.0,,,,0.0,99.0,5.21,19.0,0.0,0.0,0.0,3.38,3.38,3.33,3.33,1,1.0,1.0,1.0,1,0.12077294685990338
L-URU-1994-11-27,Uruguay,1994,0,"November 27, 1994",2.0,9.0,25.0,,,,0.0,99.0,5.21,19.0,0.0,0.0,0.0,3.35,3.35,3.3,3.3,1,1.0,1.0,1.0,1,0.12077294685990338
L-URU-1999-10-31,Uruguay,1999,0,"October 31, 1999",2.0,9.0,25.0,,,,0.0,99.0,5.21,19.0,0.0,0.0,0.0,3.12,3.12,3.07,3.07,1,1.0,1.0,1.0,1,0.12077294685990338
L-URU-2004-10-31,Uruguay,2004,0,"October 31, 2004",2.0,9.0,25.0,,,,0.0,99.0,5.21,19.0,0.0,0.0,0.0,2.49,2.49015192098588,2.39,2.39,1,1.0,1.0,1.0,1,0.12077294685990338
L-URU-2009-10-25,Uruguay,2009,0,"October 25, 2009",2.0,9.0,25.0,,,,0.0,99.0,5.21,19.0,0.0,0.0,0.0,2.75,2.75,2.65,2.65,1,1.0,1.0,1.0,1,0.12077294685990338
L-URU-2014-10-26,Uruguay,2014,0,"October 26, 2014",2.0,9.0,25.0,,,,0.0,99.0,5.21,19.0,0.0,0.0,0.0,2.736155,2.736155,2.646773,2.646773,1,1.0,1.0,1.0,1,0.12077294685990338
L-USA-1972-11-7,United States of America,1972,0,"November 07, 1972",1.0,1.0,1.0,,,,0.0,435.0,1.0,435.0,0.0,0.0,0.0,2.04,2.04,1.97,1.97,1,1.0,1.0,1.0,1,0.375
L-USA-1974-11-5,United States of America,1974,0,"November 05, 1974",1.0,1.0,1.0,,,,0.0,435.0,1.0,435.0,0.0,0.0,0.0,2.0,2.0,1.79,1.79,1,1.0,1.0,1.0,1,0.375
L-USA-1976-11-2,United States of America,1976,0,"November 02, 1976",1.0,1.0,1.0,,,,0.0,435.0,1.0,435.0,0.0,0.0,0.0,2.02,2.02,1.79,1.79,1,1.0,1.0,1.0,1,0.375
L-USA-1978-11-7,United States of America,1978,0,"November 07, 1978",1.0,1.0,1.0,,,,0.0,435.0,1.0,435.0,0.0,0.0,0.0,2.03,2.03,1.86,1.86,1,1.0,1.0,1.0,1,0.375
L-USA-1980-11-4,United States of America,1980,0,"November 04, 1980",1.0,1.0,1.0,,,,0.0,435.0,1.0,435.0,0.0,0.0,0.0,2.06,2.06,1.97,1.97,1,1.0,1.0,1.0,1,0.375
L-USA-1982-11-2,United States of America,1982,0,"November 02, 1982",1.0,1.0,1.0,,,,0.0,435.0,1.0,435.0,0.0,0.0,0.0,2.02,2.02,1.89,1.89,1,1.0,1.0,1.0,1,0.375
L-USA-1984-11-6,United States of America,1984,0,"November 06, 1984",1.0,1.0,1.0,,,,0.0,435.0,1.0,435.0,0.0,0.0,0.0,2.03,2.03,1.95,1.95,1,1.0,1.0,1.0,1,0.375
L-USA-1986-11-4,United States of America,1986,0,"November 04, 1986",1.0,1.0,1.0,,,,0.0,435.0,1.0,435.0,0.0,0.0,0.0,2.01,2.01,1.93,1.93,1,1.0,1.0,1.0,1,0.375
L-USA-1988-11-8,United States of America,1988,0,"November 08, 1988",1.0,1.0,1.0,,,,0.0,435.0,1.0,435.0,0.0,0.0,0.0,2.03,2.03,1.93,1.93,1,1.0,1.0,1.0,1,0.375
L-USA-1990-11-6,United States of America,1990,0,"November 06, 1990",1.0,1.0,1.0,,,,0.0,435.0,1.0,435.0,0.0,0.0,0.0,2.07,2.07,1.91,1.91,1,1.0,1.0,1.0,1,0.375
L-USA-1992-11-3,United States of America,1992,0,"November 03, 1992",1.0,1.0,1.0,,,,0.0,435.0,1.0,435.0,0.0,0.0,0.0,2.14,2.145,1.93,1.93,1,1.0,1.0,1.0,1,0.375
L-USA-1994-11-8,United States of America,1994,0,"November 08, 1994",1.0,1.0,1.0,,,,0.0,435.0,1.0,435.0,0.0,0.0,0.0,2.08,2.08,1.99,1.99,1,1.0,1.0,1.0,1,0.375
L-USA-1996-11-5,United States of America,1996,0,"November 05, 1996",1.0,1.0,1.0,,,,0.0,435.0,1.0,435.0,0.0,0.0,0.0,2.11,2.11,1.99,1.99,1,1.0,1.0,1.0,1,0.375
L-USA-1998-11-3,United States of America,1998,0,"November 03, 1998",1.0,1.0,1.0,,,,0.0,435.0,1.0,435.0,0.0,0.0,0.0,2.15,2.155,1.99,1.99,1,1.0,1.0,1.0,1,0.375
L-USA-2000-11-7,United States of America,2000,0,"November 07, 2000",1.0,1.0,1.0,,,,0.0,435.0,1.0,435.0,0.0,0.0,0.0,2.18,2.18,2.02,2.02,1,1.0,1.0,1.0,1,0.375
L-USA-2002-11-5,United States of America,2002,0,"November 05, 2002",1.0,1.0,1.0,,,,0.0,435.0,1.0,435.0,0.0,0.0,0.0,2.15,2.15222570990051,2.0,2.00001056953964,1,1.0,1.0,1.0,1,0.375
L-USA-2004-11-2,United States of America,2004,0,"November 02, 2004",1.0,1.0,1.0,,,,0.0,435.0,1.0,435.0,0.0,0.0,0.0,2.18,2.18137041199894,2.0,2.00001056953964,1,1.0,1.0,1.0,1,0.375
L-USA-2006-11-7,United States of America,2006,0,"November 07, 2006",1.0,1.0,1.0,,,,0.0,435.0,1.0,435.0,0.0,0.0,0.0,2.1,2.10014113896908,1.99,1.99001046410793,1,1.0,1.0,1.0,1,0.375
L-USA-2008-11-4,United States of America,2008,0,"November 04, 2008",1.0,1.0,1.0,,,,0.0,435.0,1.0,435.0,0.0,0.0,0.0,2.09,2.09012950837267,1.94,1.94,1,1.0,1.0,1.0,1,0.375
L-USA-2010-11-2,United States of America,2010,0,"November 02, 2010",1.0,1.0,1.0,,,,0.0,435.0,1.0,435.0,0.0,0.0,0.0,2.15,2.15054841568387,1.97,1.97,1,1.0,1.0,1.0,1,0.375
L-USA-2012-11-6,United States of America,2012,0,"November 06, 2012",1.0,1.0,1.0,,,,0.0,435.0,1.0,435.0,0.0,0.0,0.0,2.206772,2.206772,1.988556,1.988556,1,1.0,1.0,1.0,1,0.375
L-USA-2014-11-4,United States of America,2014,0,"November 04, 2014",1.0,1.0,1.0,,,,0.0,435.0,1.0,435.0,0.0,0.0,0.0,2.128795,2.128795,1.963872,1.963872,1,1.0,1.0,1.0,1,0.375
L-VEN-1973-12-9,Venezuela,1973,0,"December 09, 1973",2.0,9.0,25.0,12.0,,,1.0,200.0,7.96,23.0,1.0,0.0,0.0,3.35,3.36,2.72,2.72,1,1.0,1.0,1.0,1,0.08370535714285714
L-VEN-1978-12-3,Venezuela,1978,0,"December 03, 1978",2.0,9.0,25.0,12.0,,,1.0,199.0,7.96,23.0,1.0,0.0,0.0,3.1,3.11,2.65,2.65,1,1.0,1.0,1.0,1,0.08370535714285714
L-VEN-1983-12-4,Venezuela,1983,0,"December 04, 1983",2.0,9.0,25.0,12.0,,,1.0,200.0,7.91,23.0,1.0,0.0,0.0,2.96,2.97,2.42,2.42,1,1.0,1.0,1.0,1,0.08417508417508418
L-VEN-1988-12-4,Venezuela,1988,0,"December 04, 1988",2.0,9.0,25.0,12.0,,,1.0,201.0,7.91,23.0,1.0,0.0,0.0,3.36,3.38,2.83,2.83,1,1.0,1.0,1.0,1,0.08417508417508418
L-VEN-1998-11-8,Venezuela,1998,0,"November 08, 1998",3.0,11.0,1.0,25.0,12.0,,1.0,207.0,1.22,72.0,24.0,1.0,0.0,7.01,7.36,6.05,6.05,1,1.0,1.0,1.0,1,0.3378378378378379
